fecha,sucursal,producto,cantidad,precio_unitario,ventas
2025-01-01,Norte,Laptop,5,18000,90000
2025-01-01,Norte,Tablet,4,7000,28000
2025-01-01,Norte,Smartphone,4,12000,48000
2025-01-01,Norte,Monitor,5,3500,17500
2025-01-01,Norte,Teclado,5,800,4000
2025-01-01,Norte,Mouse,3,450,1350
2025-01-01,Norte,Impresora,5,4200,21000
2025-01-01,Norte,Disco SSD,4,1500,6000
2025-01-01,Norte,Audífonos,6,1200,7200
2025-01-01,Norte,Webcam,7,950,6650
2025-01-01,Norte,Router,2,900,1800
2025-01-01,Norte,Smartwatch,5,5000,25000
2025-01-01,Sur,Laptop,5,18000,90000
2025-01-01,Sur,Tablet,6,7000,42000
2025-01-01,Sur,Smartphone,4,12000,48000
2025-01-01,Sur,Monitor,6,3500,21000
2025-01-01,Sur,Teclado,6,800,4800
2025-01-01,Sur,Mouse,1,450,450
2025-01-01,Sur,Impresora,7,4200,29400
2025-01-01,Sur,Disco SSD,2,1500,3000
2025-01-01,Sur,Audífonos,11,1200,13200
2025-01-01,Sur,Webcam,4,950,3800
2025-01-01,Sur,Router,3,900,2700
2025-01-01,Sur,Smartwatch,8,5000,40000
2025-01-01,Centro,Laptop,3,18000,54000
2025-01-01,Centro,Tablet,3,7000,21000
2025-01-01,Centro,Smartphone,5,12000,60000
2025-01-01,Centro,Monitor,8,3500,28000
2025-01-01,Centro,Teclado,3,800,2400
2025-01-01,Centro,Mouse,2,450,900
2025-01-01,Centro,Impresora,5,4200,21000
2025-01-01,Centro,Disco SSD,3,1500,4500
2025-01-01,Centro,Audífonos,8,1200,9600
2025-01-01,Centro,Webcam,10,950,9500
2025-01-01,Centro,Router,3,900,2700
2025-01-01,Centro,Smartwatch,2,5000,10000
2025-01-01,Oriente,Laptop,5,18000,90000
2025-01-01,Oriente,Tablet,7,7000,49000
2025-01-01,Oriente,Smartphone,6,12000,72000
2025-01-01,Oriente,Monitor,6,3500,21000
2025-01-01,Oriente,Teclado,2,800,1600
2025-01-01,Oriente,Mouse,4,450,1800
2025-01-01,Oriente,Impresora,9,4200,37800
2025-01-01,Oriente,Disco SSD,7,1500,10500
2025-01-01,Oriente,Audífonos,11,1200,13200
2025-01-01,Oriente,Webcam,8,950,7600
2025-01-01,Oriente,Router,3,900,2700
2025-01-01,Oriente,Smartwatch,2,5000,10000
2025-01-01,Poniente,Laptop,3,18000,54000
2025-01-01,Poniente,Tablet,4,7000,28000
2025-01-01,Poniente,Smartphone,5,12000,60000
2025-01-01,Poniente,Monitor,5,3500,17500
2025-01-01,Poniente,Teclado,4,800,3200
2025-01-01,Poniente,Mouse,3,450,1350
2025-01-01,Poniente,Impresora,8,4200,33600
2025-01-01,Poniente,Disco SSD,2,1500,3000
2025-01-01,Poniente,Audífonos,1,1200,1200
2025-01-01,Poniente,Webcam,4,950,3800
2025-01-01,Poniente,Router,5,900,4500
2025-01-01,Poniente,Smartwatch,4,5000,20000
2025-01-01,Online,Laptop,3,18000,54000
2025-01-01,Online,Tablet,4,7000,28000
2025-01-01,Online,Smartphone,8,12000,96000
2025-01-01,Online,Monitor,2,3500,7000
2025-01-01,Online,Teclado,2,800,1600
2025-01-01,Online,Mouse,2,450,900
2025-01-01,Online,Impresora,7,4200,29400
2025-01-01,Online,Disco SSD,6,1500,9000
2025-01-01,Online,Audífonos,7,1200,8400
2025-01-01,Online,Webcam,6,950,5700
2025-01-01,Online,Router,7,900,6300
2025-01-01,Online,Smartwatch,6,5000,30000
2025-01-02,Norte,Laptop,4,18000,72000
2025-01-02,Norte,Tablet,2,7000,14000
2025-01-02,Norte,Smartphone,3,12000,36000
2025-01-02,Norte,Monitor,4,3500,14000
2025-01-02,Norte,Teclado,7,800,5600
2025-01-02,Norte,Mouse,4,450,1800
2025-01-02,Norte,Impresora,3,4200,12600
2025-01-02,Norte,Disco SSD,2,1500,3000
2025-01-02,Norte,Audífonos,6,1200,7200
2025-01-02,Norte,Webcam,3,950,2850
2025-01-02,Norte,Router,5,900,4500
2025-01-02,Norte,Smartwatch,9,5000,45000
2025-01-02,Sur,Laptop,6,18000,108000
2025-01-02,Sur,Tablet,6,7000,42000
2025-01-02,Sur,Smartphone,9,12000,108000
2025-01-02,Sur,Monitor,4,3500,14000
2025-01-02,Sur,Teclado,9,800,7200
2025-01-02,Sur,Mouse,2,450,900
2025-01-02,Sur,Impresora,10,4200,42000
2025-01-02,Sur,Disco SSD,6,1500,9000
2025-01-02,Sur,Audífonos,9,1200,10800
2025-01-02,Sur,Webcam,4,950,3800
2025-01-02,Sur,Router,1,900,900
2025-01-02,Sur,Smartwatch,6,5000,30000
2025-01-02,Centro,Laptop,8,18000,144000
2025-01-02,Centro,Tablet,6,7000,42000
2025-01-02,Centro,Smartphone,2,12000,24000
2025-01-02,Centro,Monitor,3,3500,10500
2025-01-02,Centro,Teclado,5,800,4000
2025-01-02,Centro,Mouse,3,450,1350
2025-01-02,Centro,Impresora,3,4200,12600
2025-01-02,Centro,Disco SSD,5,1500,7500
2025-01-02,Centro,Audífonos,6,1200,7200
2025-01-02,Centro,Webcam,5,950,4750
2025-01-02,Centro,Router,3,900,2700
2025-01-02,Centro,Smartwatch,5,5000,25000
2025-01-02,Oriente,Laptop,3,18000,54000
2025-01-02,Oriente,Tablet,3,7000,21000
2025-01-02,Oriente,Smartphone,6,12000,72000
2025-01-02,Oriente,Monitor,5,3500,17500
2025-01-02,Oriente,Teclado,6,800,4800
2025-01-02,Oriente,Mouse,2,450,900
2025-01-02,Oriente,Impresora,4,4200,16800
2025-01-02,Oriente,Disco SSD,7,1500,10500
2025-01-02,Oriente,Audífonos,6,1200,7200
2025-01-02,Oriente,Webcam,5,950,4750
2025-01-02,Oriente,Router,4,900,3600
2025-01-02,Oriente,Smartwatch,3,5000,15000
2025-01-02,Poniente,Laptop,3,18000,54000
2025-01-02,Poniente,Tablet,7,7000,49000
2025-01-02,Poniente,Smartphone,7,12000,84000
2025-01-02,Poniente,Monitor,6,3500,21000
2025-01-02,Poniente,Teclado,6,800,4800
2025-01-02,Poniente,Mouse,7,450,3150
2025-01-02,Poniente,Impresora,8,4200,33600
2025-01-02,Poniente,Disco SSD,6,1500,9000
2025-01-02,Poniente,Audífonos,3,1200,3600
2025-01-02,Poniente,Webcam,7,950,6650
2025-01-02,Poniente,Router,5,900,4500
2025-01-02,Poniente,Smartwatch,5,5000,25000
2025-01-02,Online,Laptop,7,18000,126000
2025-01-02,Online,Tablet,4,7000,28000
2025-01-02,Online,Smartphone,9,12000,108000
2025-01-02,Online,Monitor,4,3500,14000
2025-01-02,Online,Teclado,5,800,4000
2025-01-02,Online,Mouse,2,450,900
2025-01-02,Online,Impresora,6,4200,25200
2025-01-02,Online,Disco SSD,3,1500,4500
2025-01-02,Online,Audífonos,6,1200,7200
2025-01-02,Online,Webcam,2,950,1900
2025-01-02,Online,Router,3,900,2700
2025-01-02,Online,Smartwatch,5,5000,25000
2025-01-03,Norte,Laptop,3,18000,54000
2025-01-03,Norte,Tablet,4,7000,28000
2025-01-03,Norte,Smartphone,5,12000,60000
2025-01-03,Norte,Monitor,6,3500,21000
2025-01-03,Norte,Teclado,3,800,2400
2025-01-03,Norte,Mouse,3,450,1350
2025-01-03,Norte,Impresora,4,4200,16800
2025-01-03,Norte,Disco SSD,5,1500,7500
2025-01-03,Norte,Audífonos,4,1200,4800
2025-01-03,Norte,Webcam,2,950,1900
2025-01-03,Norte,Router,6,900,5400
2025-01-03,Norte,Smartwatch,6,5000,30000
2025-01-03,Sur,Laptop,8,18000,144000
2025-01-03,Sur,Tablet,1,7000,7000
2025-01-03,Sur,Smartphone,6,12000,72000
2025-01-03,Sur,Monitor,2,3500,7000
2025-01-03,Sur,Teclado,5,800,4000
2025-01-03,Sur,Mouse,2,450,900
2025-01-03,Sur,Impresora,6,4200,25200
2025-01-03,Sur,Disco SSD,4,1500,6000
2025-01-03,Sur,Audífonos,3,1200,3600
2025-01-03,Sur,Webcam,5,950,4750
2025-01-03,Sur,Router,6,900,5400
2025-01-03,Sur,Smartwatch,3,5000,15000
2025-01-03,Centro,Laptop,4,18000,72000
2025-01-03,Centro,Tablet,8,7000,56000
2025-01-03,Centro,Smartphone,4,12000,48000
2025-01-03,Centro,Monitor,10,3500,35000
2025-01-03,Centro,Teclado,4,800,3200
2025-01-03,Centro,Mouse,5,450,2250
2025-01-03,Centro,Impresora,10,4200,42000
2025-01-03,Centro,Disco SSD,3,1500,4500
2025-01-03,Centro,Audífonos,4,1200,4800
2025-01-03,Centro,Webcam,7,950,6650
2025-01-03,Centro,Router,5,900,4500
2025-01-03,Centro,Smartwatch,10,5000,50000
2025-01-03,Oriente,Laptop,4,18000,72000
2025-01-03,Oriente,Tablet,2,7000,14000
2025-01-03,Oriente,Smartphone,3,12000,36000
2025-01-03,Oriente,Monitor,5,3500,17500
2025-01-03,Oriente,Teclado,8,800,6400
2025-01-03,Oriente,Mouse,4,450,1800
2025-01-03,Oriente,Impresora,3,4200,12600
2025-01-03,Oriente,Disco SSD,8,1500,12000
2025-01-03,Oriente,Audífonos,6,1200,7200
2025-01-03,Oriente,Webcam,8,950,7600
2025-01-03,Oriente,Router,3,900,2700
2025-01-03,Oriente,Smartwatch,3,5000,15000
2025-01-03,Poniente,Laptop,5,18000,90000
2025-01-03,Poniente,Tablet,11,7000,77000
2025-01-03,Poniente,Smartphone,7,12000,84000
2025-01-03,Poniente,Monitor,4,3500,14000
2025-01-03,Poniente,Teclado,3,800,2400
2025-01-03,Poniente,Mouse,8,450,3600
2025-01-03,Poniente,Impresora,8,4200,33600
2025-01-03,Poniente,Disco SSD,3,1500,4500
2025-01-03,Poniente,Audífonos,3,1200,3600
2025-01-03,Poniente,Webcam,6,950,5700
2025-01-03,Poniente,Router,2,900,1800
2025-01-03,Poniente,Smartwatch,7,5000,35000
2025-01-03,Online,Laptop,5,18000,90000
2025-01-03,Online,Tablet,5,7000,35000
2025-01-03,Online,Smartphone,6,12000,72000
2025-01-03,Online,Monitor,1,3500,3500
2025-01-03,Online,Teclado,10,800,8000
2025-01-03,Online,Mouse,2,450,900
2025-01-03,Online,Impresora,5,4200,21000
2025-01-03,Online,Disco SSD,4,1500,6000
2025-01-03,Online,Audífonos,5,1200,6000
2025-01-03,Online,Webcam,4,950,3800
2025-01-03,Online,Router,5,900,4500
2025-01-03,Online,Smartwatch,6,5000,30000
2025-01-04,Norte,Laptop,1,18000,18000
2025-01-04,Norte,Tablet,3,7000,21000
2025-01-04,Norte,Smartphone,2,12000,24000
2025-01-04,Norte,Monitor,5,3500,17500
2025-01-04,Norte,Teclado,4,800,3200
2025-01-04,Norte,Mouse,7,450,3150
2025-01-04,Norte,Impresora,7,4200,29400
2025-01-04,Norte,Disco SSD,2,1500,3000
2025-01-04,Norte,Audífonos,6,1200,7200
2025-01-04,Norte,Webcam,7,950,6650
2025-01-04,Norte,Router,2,900,1800
2025-01-04,Norte,Smartwatch,7,5000,35000
2025-01-04,Sur,Laptop,5,18000,90000
2025-01-04,Sur,Tablet,7,7000,49000
2025-01-04,Sur,Smartphone,6,12000,72000
2025-01-04,Sur,Monitor,5,3500,17500
2025-01-04,Sur,Teclado,6,800,4800
2025-01-04,Sur,Mouse,5,450,2250
2025-01-04,Sur,Impresora,4,4200,16800
2025-01-04,Sur,Disco SSD,7,1500,10500
2025-01-04,Sur,Audífonos,1,1200,1200
2025-01-04,Sur,Webcam,8,950,7600
2025-01-04,Sur,Router,4,900,3600
2025-01-04,Sur,Smartwatch,5,5000,25000
2025-01-04,Centro,Laptop,3,18000,54000
2025-01-04,Centro,Tablet,7,7000,49000
2025-01-04,Centro,Smartphone,2,12000,24000
2025-01-04,Centro,Monitor,5,3500,17500
2025-01-04,Centro,Teclado,10,800,8000
2025-01-04,Centro,Mouse,7,450,3150
2025-01-04,Centro,Impresora,7,4200,29400
2025-01-04,Centro,Disco SSD,10,1500,15000
2025-01-04,Centro,Audífonos,1,1200,1200
2025-01-04,Centro,Webcam,5,950,4750
2025-01-04,Centro,Router,3,900,2700
2025-01-04,Centro,Smartwatch,8,5000,40000
2025-01-04,Oriente,Laptop,7,18000,126000
2025-01-04,Oriente,Tablet,3,7000,21000
2025-01-04,Oriente,Smartphone,1,12000,12000
2025-01-04,Oriente,Monitor,5,3500,17500
2025-01-04,Oriente,Teclado,3,800,2400
2025-01-04,Oriente,Mouse,6,450,2700
2025-01-04,Oriente,Impresora,3,4200,12600
2025-01-04,Oriente,Disco SSD,4,1500,6000
2025-01-04,Oriente,Audífonos,5,1200,6000
2025-01-04,Oriente,Webcam,8,950,7600
2025-01-04,Oriente,Router,7,900,6300
2025-01-04,Oriente,Smartwatch,5,5000,25000
2025-01-04,Poniente,Laptop,4,18000,72000
2025-01-04,Poniente,Tablet,6,7000,42000
2025-01-04,Poniente,Smartphone,8,12000,96000
2025-01-04,Poniente,Monitor,4,3500,14000
2025-01-04,Poniente,Teclado,3,800,2400
2025-01-04,Poniente,Mouse,2,450,900
2025-01-04,Poniente,Impresora,3,4200,12600
2025-01-04,Poniente,Disco SSD,9,1500,13500
2025-01-04,Poniente,Audífonos,5,1200,6000
2025-01-04,Poniente,Webcam,4,950,3800
2025-01-04,Poniente,Router,7,900,6300
2025-01-04,Poniente,Smartwatch,8,5000,40000
2025-01-04,Online,Laptop,4,18000,72000
2025-01-04,Online,Tablet,4,7000,28000
2025-01-04,Online,Smartphone,8,12000,96000
2025-01-04,Online,Monitor,5,3500,17500
2025-01-04,Online,Teclado,5,800,4000
2025-01-04,Online,Mouse,6,450,2700
2025-01-04,Online,Impresora,7,4200,29400
2025-01-04,Online,Disco SSD,2,1500,3000
2025-01-04,Online,Audífonos,1,1200,1200
2025-01-04,Online,Webcam,7,950,6650
2025-01-04,Online,Router,5,900,4500
2025-01-04,Online,Smartwatch,4,5000,20000
2025-01-05,Norte,Laptop,4,18000,72000
2025-01-05,Norte,Tablet,3,7000,21000
2025-01-05,Norte,Smartphone,8,12000,96000
2025-01-05,Norte,Monitor,7,3500,24500
2025-01-05,Norte,Teclado,1,800,800
2025-01-05,Norte,Mouse,2,450,900
2025-01-05,Norte,Impresora,4,4200,16800
2025-01-05,Norte,Disco SSD,6,1500,9000
2025-01-05,Norte,Audífonos,4,1200,4800
2025-01-05,Norte,Webcam,6,950,5700
2025-01-05,Norte,Router,8,900,7200
2025-01-05,Norte,Smartwatch,7,5000,35000
2025-01-05,Sur,Laptop,5,18000,90000
2025-01-05,Sur,Tablet,2,7000,14000
2025-01-05,Sur,Smartphone,1,12000,12000
2025-01-05,Sur,Monitor,7,3500,24500
2025-01-05,Sur,Teclado,4,800,3200
2025-01-05,Sur,Mouse,1,450,450
2025-01-05,Sur,Impresora,6,4200,25200
2025-01-05,Sur,Disco SSD,5,1500,7500
2025-01-05,Sur,Audífonos,8,1200,9600
2025-01-05,Sur,Webcam,5,950,4750
2025-01-05,Sur,Router,4,900,3600
2025-01-05,Sur,Smartwatch,10,5000,50000
2025-01-05,Centro,Laptop,7,18000,126000
2025-01-05,Centro,Tablet,4,7000,28000
2025-01-05,Centro,Smartphone,8,12000,96000
2025-01-05,Centro,Monitor,5,3500,17500
2025-01-05,Centro,Teclado,5,800,4000
2025-01-05,Centro,Mouse,5,450,2250
2025-01-05,Centro,Impresora,2,4200,8400
2025-01-05,Centro,Disco SSD,3,1500,4500
2025-01-05,Centro,Audífonos,4,1200,4800
2025-01-05,Centro,Webcam,9,950,8550
2025-01-05,Centro,Router,0,900,0
2025-01-05,Centro,Smartwatch,5,5000,25000
2025-01-05,Oriente,Laptop,5,18000,90000
2025-01-05,Oriente,Tablet,5,7000,35000
2025-01-05,Oriente,Smartphone,5,12000,60000
2025-01-05,Oriente,Monitor,4,3500,14000
2025-01-05,Oriente,Teclado,9,800,7200
2025-01-05,Oriente,Mouse,6,450,2700
2025-01-05,Oriente,Impresora,2,4200,8400
2025-01-05,Oriente,Disco SSD,6,1500,9000
2025-01-05,Oriente,Audífonos,6,1200,7200
2025-01-05,Oriente,Webcam,6,950,5700
2025-01-05,Oriente,Router,5,900,4500
2025-01-05,Oriente,Smartwatch,2,5000,10000
2025-01-05,Poniente,Laptop,5,18000,90000
2025-01-05,Poniente,Tablet,3,7000,21000
2025-01-05,Poniente,Smartphone,3,12000,36000
2025-01-05,Poniente,Monitor,3,3500,10500
2025-01-05,Poniente,Teclado,6,800,4800
2025-01-05,Poniente,Mouse,6,450,2700
2025-01-05,Poniente,Impresora,4,4200,16800
2025-01-05,Poniente,Disco SSD,5,1500,7500
2025-01-05,Poniente,Audífonos,5,1200,6000
2025-01-05,Poniente,Webcam,7,950,6650
2025-01-05,Poniente,Router,5,900,4500
2025-01-05,Poniente,Smartwatch,3,5000,15000
2025-01-05,Online,Laptop,4,18000,72000
2025-01-05,Online,Tablet,7,7000,49000
2025-01-05,Online,Smartphone,5,12000,60000
2025-01-05,Online,Monitor,7,3500,24500
2025-01-05,Online,Teclado,8,800,6400
2025-01-05,Online,Mouse,7,450,3150
2025-01-05,Online,Impresora,5,4200,21000
2025-01-05,Online,Disco SSD,8,1500,12000
2025-01-05,Online,Audífonos,4,1200,4800
2025-01-05,Online,Webcam,6,950,5700
2025-01-05,Online,Router,8,900,7200
2025-01-05,Online,Smartwatch,6,5000,30000
2025-01-06,Norte,Laptop,3,18000,54000
2025-01-06,Norte,Tablet,8,7000,56000
2025-01-06,Norte,Smartphone,4,12000,48000
2025-01-06,Norte,Monitor,7,3500,24500
2025-01-06,Norte,Teclado,2,800,1600
2025-01-06,Norte,Mouse,10,450,4500
2025-01-06,Norte,Impresora,6,4200,25200
2025-01-06,Norte,Disco SSD,4,1500,6000
2025-01-06,Norte,Audífonos,5,1200,6000
2025-01-06,Norte,Webcam,6,950,5700
2025-01-06,Norte,Router,4,900,3600
2025-01-06,Norte,Smartwatch,5,5000,25000
2025-01-06,Sur,Laptop,6,18000,108000
2025-01-06,Sur,Tablet,3,7000,21000
2025-01-06,Sur,Smartphone,7,12000,84000
2025-01-06,Sur,Monitor,7,3500,24500
2025-01-06,Sur,Teclado,8,800,6400
2025-01-06,Sur,Mouse,4,450,1800
2025-01-06,Sur,Impresora,7,4200,29400
2025-01-06,Sur,Disco SSD,3,1500,4500
2025-01-06,Sur,Audífonos,4,1200,4800
2025-01-06,Sur,Webcam,4,950,3800
2025-01-06,Sur,Router,0,900,0
2025-01-06,Sur,Smartwatch,1,5000,5000
2025-01-06,Centro,Laptop,1,18000,18000
2025-01-06,Centro,Tablet,7,7000,49000
2025-01-06,Centro,Smartphone,5,12000,60000
2025-01-06,Centro,Monitor,5,3500,17500
2025-01-06,Centro,Teclado,8,800,6400
2025-01-06,Centro,Mouse,3,450,1350
2025-01-06,Centro,Impresora,5,4200,21000
2025-01-06,Centro,Disco SSD,3,1500,4500
2025-01-06,Centro,Audífonos,5,1200,6000
2025-01-06,Centro,Webcam,1,950,950
2025-01-06,Centro,Router,7,900,6300
2025-01-06,Centro,Smartwatch,2,5000,10000
2025-01-06,Oriente,Laptop,4,18000,72000
2025-01-06,Oriente,Tablet,6,7000,42000
2025-01-06,Oriente,Smartphone,7,12000,84000
2025-01-06,Oriente,Monitor,9,3500,31500
2025-01-06,Oriente,Teclado,4,800,3200
2025-01-06,Oriente,Mouse,1,450,450
2025-01-06,Oriente,Impresora,4,4200,16800
2025-01-06,Oriente,Disco SSD,6,1500,9000
2025-01-06,Oriente,Audífonos,3,1200,3600
2025-01-06,Oriente,Webcam,4,950,3800
2025-01-06,Oriente,Router,2,900,1800
2025-01-06,Oriente,Smartwatch,6,5000,30000
2025-01-06,Poniente,Laptop,8,18000,144000
2025-01-06,Poniente,Tablet,7,7000,49000
2025-01-06,Poniente,Smartphone,2,12000,24000
2025-01-06,Poniente,Monitor,6,3500,21000
2025-01-06,Poniente,Teclado,9,800,7200
2025-01-06,Poniente,Mouse,3,450,1350
2025-01-06,Poniente,Impresora,8,4200,33600
2025-01-06,Poniente,Disco SSD,7,1500,10500
2025-01-06,Poniente,Audífonos,6,1200,7200
2025-01-06,Poniente,Webcam,10,950,9500
2025-01-06,Poniente,Router,5,900,4500
2025-01-06,Poniente,Smartwatch,5,5000,25000
2025-01-06,Online,Laptop,5,18000,90000
2025-01-06,Online,Tablet,5,7000,35000
2025-01-06,Online,Smartphone,4,12000,48000
2025-01-06,Online,Monitor,10,3500,35000
2025-01-06,Online,Teclado,3,800,2400
2025-01-06,Online,Mouse,2,450,900
2025-01-06,Online,Impresora,6,4200,25200
2025-01-06,Online,Disco SSD,4,1500,6000
2025-01-06,Online,Audífonos,4,1200,4800
2025-01-06,Online,Webcam,8,950,7600
2025-01-06,Online,Router,5,900,4500
2025-01-06,Online,Smartwatch,4,5000,20000
2025-01-07,Norte,Laptop,7,18000,126000
2025-01-07,Norte,Tablet,4,7000,28000
2025-01-07,Norte,Smartphone,2,12000,24000
2025-01-07,Norte,Monitor,2,3500,7000
2025-01-07,Norte,Teclado,3,800,2400
2025-01-07,Norte,Mouse,3,450,1350
2025-01-07,Norte,Impresora,8,4200,33600
2025-01-07,Norte,Disco SSD,6,1500,9000
2025-01-07,Norte,Audífonos,0,1200,0
2025-01-07,Norte,Webcam,8,950,7600
2025-01-07,Norte,Router,5,900,4500
2025-01-07,Norte,Smartwatch,4,5000,20000
2025-01-07,Sur,Laptop,5,18000,90000
2025-01-07,Sur,Tablet,7,7000,49000
2025-01-07,Sur,Smartphone,6,12000,72000
2025-01-07,Sur,Monitor,3,3500,10500
2025-01-07,Sur,Teclado,4,800,3200
2025-01-07,Sur,Mouse,2,450,900
2025-01-07,Sur,Impresora,4,4200,16800
2025-01-07,Sur,Disco SSD,1,1500,1500
2025-01-07,Sur,Audífonos,9,1200,10800
2025-01-07,Sur,Webcam,3,950,2850
2025-01-07,Sur,Router,1,900,900
2025-01-07,Sur,Smartwatch,5,5000,25000
2025-01-07,Centro,Laptop,4,18000,72000
2025-01-07,Centro,Tablet,6,7000,42000
2025-01-07,Centro,Smartphone,5,12000,60000
2025-01-07,Centro,Monitor,8,3500,28000
2025-01-07,Centro,Teclado,5,800,4000
2025-01-07,Centro,Mouse,7,450,3150
2025-01-07,Centro,Impresora,4,4200,16800
2025-01-07,Centro,Disco SSD,1,1500,1500
2025-01-07,Centro,Audífonos,5,1200,6000
2025-01-07,Centro,Webcam,4,950,3800
2025-01-07,Centro,Router,3,900,2700
2025-01-07,Centro,Smartwatch,2,5000,10000
2025-01-07,Oriente,Laptop,12,18000,216000
2025-01-07,Oriente,Tablet,5,7000,35000
2025-01-07,Oriente,Smartphone,10,12000,120000
2025-01-07,Oriente,Monitor,6,3500,21000
2025-01-07,Oriente,Teclado,1,800,800
2025-01-07,Oriente,Mouse,6,450,2700
2025-01-07,Oriente,Impresora,2,4200,8400
2025-01-07,Oriente,Disco SSD,4,1500,6000
2025-01-07,Oriente,Audífonos,5,1200,6000
2025-01-07,Oriente,Webcam,8,950,7600
2025-01-07,Oriente,Router,4,900,3600
2025-01-07,Oriente,Smartwatch,2,5000,10000
2025-01-07,Poniente,Laptop,1,18000,18000
2025-01-07,Poniente,Tablet,8,7000,56000
2025-01-07,Poniente,Smartphone,8,12000,96000
2025-01-07,Poniente,Monitor,4,3500,14000
2025-01-07,Poniente,Teclado,1,800,800
2025-01-07,Poniente,Mouse,9,450,4050
2025-01-07,Poniente,Impresora,4,4200,16800
2025-01-07,Poniente,Disco SSD,2,1500,3000
2025-01-07,Poniente,Audífonos,4,1200,4800
2025-01-07,Poniente,Webcam,3,950,2850
2025-01-07,Poniente,Router,8,900,7200
2025-01-07,Poniente,Smartwatch,9,5000,45000
2025-01-07,Online,Laptop,4,18000,72000
2025-01-07,Online,Tablet,4,7000,28000
2025-01-07,Online,Smartphone,5,12000,60000
2025-01-07,Online,Monitor,11,3500,38500
2025-01-07,Online,Teclado,8,800,6400
2025-01-07,Online,Mouse,6,450,2700
2025-01-07,Online,Impresora,2,4200,8400
2025-01-07,Online,Disco SSD,8,1500,12000
2025-01-07,Online,Audífonos,7,1200,8400
2025-01-07,Online,Webcam,6,950,5700
2025-01-07,Online,Router,5,900,4500
2025-01-07,Online,Smartwatch,3,5000,15000
2025-01-08,Norte,Laptop,5,18000,90000
2025-01-08,Norte,Tablet,3,7000,21000
2025-01-08,Norte,Smartphone,3,12000,36000
2025-01-08,Norte,Monitor,7,3500,24500
2025-01-08,Norte,Teclado,4,800,3200
2025-01-08,Norte,Mouse,4,450,1800
2025-01-08,Norte,Impresora,6,4200,25200
2025-01-08,Norte,Disco SSD,6,1500,9000
2025-01-08,Norte,Audífonos,3,1200,3600
2025-01-08,Norte,Webcam,4,950,3800
2025-01-08,Norte,Router,6,900,5400
2025-01-08,Norte,Smartwatch,6,5000,30000
2025-01-08,Sur,Laptop,6,18000,108000
2025-01-08,Sur,Tablet,6,7000,42000
2025-01-08,Sur,Smartphone,3,12000,36000
2025-01-08,Sur,Monitor,5,3500,17500
2025-01-08,Sur,Teclado,2,800,1600
2025-01-08,Sur,Mouse,5,450,2250
2025-01-08,Sur,Impresora,3,4200,12600
2025-01-08,Sur,Disco SSD,3,1500,4500
2025-01-08,Sur,Audífonos,5,1200,6000
2025-01-08,Sur,Webcam,11,950,10450
2025-01-08,Sur,Router,7,900,6300
2025-01-08,Sur,Smartwatch,7,5000,35000
2025-01-08,Centro,Laptop,4,18000,72000
2025-01-08,Centro,Tablet,1,7000,7000
2025-01-08,Centro,Smartphone,4,12000,48000
2025-01-08,Centro,Monitor,5,3500,17500
2025-01-08,Centro,Teclado,4,800,3200
2025-01-08,Centro,Mouse,4,450,1800
2025-01-08,Centro,Impresora,7,4200,29400
2025-01-08,Centro,Disco SSD,6,1500,9000
2025-01-08,Centro,Audífonos,8,1200,9600
2025-01-08,Centro,Webcam,4,950,3800
2025-01-08,Centro,Router,3,900,2700
2025-01-08,Centro,Smartwatch,0,5000,0
2025-01-08,Oriente,Laptop,4,18000,72000
2025-01-08,Oriente,Tablet,1,7000,7000
2025-01-08,Oriente,Smartphone,4,12000,48000
2025-01-08,Oriente,Monitor,3,3500,10500
2025-01-08,Oriente,Teclado,5,800,4000
2025-01-08,Oriente,Mouse,6,450,2700
2025-01-08,Oriente,Impresora,6,4200,25200
2025-01-08,Oriente,Disco SSD,4,1500,6000
2025-01-08,Oriente,Audífonos,4,1200,4800
2025-01-08,Oriente,Webcam,5,950,4750
2025-01-08,Oriente,Router,1,900,900
2025-01-08,Oriente,Smartwatch,9,5000,45000
2025-01-08,Poniente,Laptop,7,18000,126000
2025-01-08,Poniente,Tablet,5,7000,35000
2025-01-08,Poniente,Smartphone,4,12000,48000
2025-01-08,Poniente,Monitor,5,3500,17500
2025-01-08,Poniente,Teclado,4,800,3200
2025-01-08,Poniente,Mouse,1,450,450
2025-01-08,Poniente,Impresora,3,4200,12600
2025-01-08,Poniente,Disco SSD,7,1500,10500
2025-01-08,Poniente,Audífonos,6,1200,7200
2025-01-08,Poniente,Webcam,10,950,9500
2025-01-08,Poniente,Router,4,900,3600
2025-01-08,Poniente,Smartwatch,5,5000,25000
2025-01-08,Online,Laptop,6,18000,108000
2025-01-08,Online,Tablet,6,7000,42000
2025-01-08,Online,Smartphone,8,12000,96000
2025-01-08,Online,Monitor,4,3500,14000
2025-01-08,Online,Teclado,3,800,2400
2025-01-08,Online,Mouse,3,450,1350
2025-01-08,Online,Impresora,9,4200,37800
2025-01-08,Online,Disco SSD,7,1500,10500
2025-01-08,Online,Audífonos,2,1200,2400
2025-01-08,Online,Webcam,2,950,1900
2025-01-08,Online,Router,4,900,3600
2025-01-08,Online,Smartwatch,6,5000,30000
2025-01-09,Norte,Laptop,9,18000,162000
2025-01-09,Norte,Tablet,11,7000,77000
2025-01-09,Norte,Smartphone,4,12000,48000
2025-01-09,Norte,Monitor,7,3500,24500
2025-01-09,Norte,Teclado,7,800,5600
2025-01-09,Norte,Mouse,3,450,1350
2025-01-09,Norte,Impresora,7,4200,29400
2025-01-09,Norte,Disco SSD,5,1500,7500
2025-01-09,Norte,Audífonos,2,1200,2400
2025-01-09,Norte,Webcam,9,950,8550
2025-01-09,Norte,Router,6,900,5400
2025-01-09,Norte,Smartwatch,3,5000,15000
2025-01-09,Sur,Laptop,6,18000,108000
2025-01-09,Sur,Tablet,3,7000,21000
2025-01-09,Sur,Smartphone,2,12000,24000
2025-01-09,Sur,Monitor,8,3500,28000
2025-01-09,Sur,Teclado,4,800,3200
2025-01-09,Sur,Mouse,5,450,2250
2025-01-09,Sur,Impresora,4,4200,16800
2025-01-09,Sur,Disco SSD,3,1500,4500
2025-01-09,Sur,Audífonos,4,1200,4800
2025-01-09,Sur,Webcam,3,950,2850
2025-01-09,Sur,Router,11,900,9900
2025-01-09,Sur,Smartwatch,6,5000,30000
2025-01-09,Centro,Laptop,5,18000,90000
2025-01-09,Centro,Tablet,5,7000,35000
2025-01-09,Centro,Smartphone,5,12000,60000
2025-01-09,Centro,Monitor,3,3500,10500
2025-01-09,Centro,Teclado,6,800,4800
2025-01-09,Centro,Mouse,4,450,1800
2025-01-09,Centro,Impresora,5,4200,21000
2025-01-09,Centro,Disco SSD,3,1500,4500
2025-01-09,Centro,Audífonos,7,1200,8400
2025-01-09,Centro,Webcam,3,950,2850
2025-01-09,Centro,Router,6,900,5400
2025-01-09,Centro,Smartwatch,7,5000,35000
2025-01-09,Oriente,Laptop,1,18000,18000
2025-01-09,Oriente,Tablet,6,7000,42000
2025-01-09,Oriente,Smartphone,4,12000,48000
2025-01-09,Oriente,Monitor,2,3500,7000
2025-01-09,Oriente,Teclado,2,800,1600
2025-01-09,Oriente,Mouse,5,450,2250
2025-01-09,Oriente,Impresora,5,4200,21000
2025-01-09,Oriente,Disco SSD,3,1500,4500
2025-01-09,Oriente,Audífonos,5,1200,6000
2025-01-09,Oriente,Webcam,11,950,10450
2025-01-09,Oriente,Router,2,900,1800
2025-01-09,Oriente,Smartwatch,6,5000,30000
2025-01-09,Poniente,Laptop,5,18000,90000
2025-01-09,Poniente,Tablet,3,7000,21000
2025-01-09,Poniente,Smartphone,4,12000,48000
2025-01-09,Poniente,Monitor,10,3500,35000
2025-01-09,Poniente,Teclado,1,800,800
2025-01-09,Poniente,Mouse,8,450,3600
2025-01-09,Poniente,Impresora,3,4200,12600
2025-01-09,Poniente,Disco SSD,5,1500,7500
2025-01-09,Poniente,Audífonos,4,1200,4800
2025-01-09,Poniente,Webcam,11,950,10450
2025-01-09,Poniente,Router,3,900,2700
2025-01-09,Poniente,Smartwatch,4,5000,20000
2025-01-09,Online,Laptop,3,18000,54000
2025-01-09,Online,Tablet,3,7000,21000
2025-01-09,Online,Smartphone,8,12000,96000
2025-01-09,Online,Monitor,1,3500,3500
2025-01-09,Online,Teclado,5,800,4000
2025-01-09,Online,Mouse,7,450,3150
2025-01-09,Online,Impresora,3,4200,12600
2025-01-09,Online,Disco SSD,7,1500,10500
2025-01-09,Online,Audífonos,5,1200,6000
2025-01-09,Online,Webcam,7,950,6650
2025-01-09,Online,Router,5,900,4500
2025-01-09,Online,Smartwatch,7,5000,35000
2025-01-10,Norte,Laptop,5,18000,90000
2025-01-10,Norte,Tablet,4,7000,28000
2025-01-10,Norte,Smartphone,5,12000,60000
2025-01-10,Norte,Monitor,11,3500,38500
2025-01-10,Norte,Teclado,7,800,5600
2025-01-10,Norte,Mouse,6,450,2700
2025-01-10,Norte,Impresora,3,4200,12600
2025-01-10,Norte,Disco SSD,0,1500,0
2025-01-10,Norte,Audífonos,10,1200,12000
2025-01-10,Norte,Webcam,5,950,4750
2025-01-10,Norte,Router,5,900,4500
2025-01-10,Norte,Smartwatch,3,5000,15000
2025-01-10,Sur,Laptop,4,18000,72000
2025-01-10,Sur,Tablet,2,7000,14000
2025-01-10,Sur,Smartphone,2,12000,24000
2025-01-10,Sur,Monitor,7,3500,24500
2025-01-10,Sur,Teclado,3,800,2400
2025-01-10,Sur,Mouse,1,450,450
2025-01-10,Sur,Impresora,3,4200,12600
2025-01-10,Sur,Disco SSD,7,1500,10500
2025-01-10,Sur,Audífonos,5,1200,6000
2025-01-10,Sur,Webcam,5,950,4750
2025-01-10,Sur,Router,4,900,3600
2025-01-10,Sur,Smartwatch,5,5000,25000
2025-01-10,Centro,Laptop,5,18000,90000
2025-01-10,Centro,Tablet,3,7000,21000
2025-01-10,Centro,Smartphone,3,12000,36000
2025-01-10,Centro,Monitor,6,3500,21000
2025-01-10,Centro,Teclado,6,800,4800
2025-01-10,Centro,Mouse,4,450,1800
2025-01-10,Centro,Impresora,9,4200,37800
2025-01-10,Centro,Disco SSD,6,1500,9000
2025-01-10,Centro,Audífonos,5,1200,6000
2025-01-10,Centro,Webcam,5,950,4750
2025-01-10,Centro,Router,4,900,3600
2025-01-10,Centro,Smartwatch,10,5000,50000
2025-01-10,Oriente,Laptop,6,18000,108000
2025-01-10,Oriente,Tablet,2,7000,14000
2025-01-10,Oriente,Smartphone,4,12000,48000
2025-01-10,Oriente,Monitor,3,3500,10500
2025-01-10,Oriente,Teclado,2,800,1600
2025-01-10,Oriente,Mouse,5,450,2250
2025-01-10,Oriente,Impresora,6,4200,25200
2025-01-10,Oriente,Disco SSD,5,1500,7500
2025-01-10,Oriente,Audífonos,10,1200,12000
2025-01-10,Oriente,Webcam,5,950,4750
2025-01-10,Oriente,Router,5,900,4500
2025-01-10,Oriente,Smartwatch,4,5000,20000
2025-01-10,Poniente,Laptop,4,18000,72000
2025-01-10,Poniente,Tablet,3,7000,21000
2025-01-10,Poniente,Smartphone,6,12000,72000
2025-01-10,Poniente,Monitor,4,3500,14000
2025-01-10,Poniente,Teclado,2,800,1600
2025-01-10,Poniente,Mouse,9,450,4050
2025-01-10,Poniente,Impresora,5,4200,21000
2025-01-10,Poniente,Disco SSD,9,1500,13500
2025-01-10,Poniente,Audífonos,5,1200,6000
2025-01-10,Poniente,Webcam,5,950,4750
2025-01-10,Poniente,Router,1,900,900
2025-01-10,Poniente,Smartwatch,5,5000,25000
2025-01-10,Online,Laptop,8,18000,144000
2025-01-10,Online,Tablet,6,7000,42000
2025-01-10,Online,Smartphone,2,12000,24000
2025-01-10,Online,Monitor,5,3500,17500
2025-01-10,Online,Teclado,5,800,4000
2025-01-10,Online,Mouse,4,450,1800
2025-01-10,Online,Impresora,6,4200,25200
2025-01-10,Online,Disco SSD,5,1500,7500
2025-01-10,Online,Audífonos,6,1200,7200
2025-01-10,Online,Webcam,5,950,4750
2025-01-10,Online,Router,4,900,3600
2025-01-10,Online,Smartwatch,7,5000,35000
2025-01-11,Norte,Laptop,5,18000,90000
2025-01-11,Norte,Tablet,7,7000,49000
2025-01-11,Norte,Smartphone,6,12000,72000
2025-01-11,Norte,Monitor,4,3500,14000
2025-01-11,Norte,Teclado,8,800,6400
2025-01-11,Norte,Mouse,4,450,1800
2025-01-11,Norte,Impresora,3,4200,12600
2025-01-11,Norte,Disco SSD,5,1500,7500
2025-01-11,Norte,Audífonos,10,1200,12000
2025-01-11,Norte,Webcam,6,950,5700
2025-01-11,Norte,Router,4,900,3600
2025-01-11,Norte,Smartwatch,3,5000,15000
2025-01-11,Sur,Laptop,3,18000,54000
2025-01-11,Sur,Tablet,5,7000,35000
2025-01-11,Sur,Smartphone,2,12000,24000
2025-01-11,Sur,Monitor,6,3500,21000
2025-01-11,Sur,Teclado,2,800,1600
2025-01-11,Sur,Mouse,5,450,2250
2025-01-11,Sur,Impresora,2,4200,8400
2025-01-11,Sur,Disco SSD,6,1500,9000
2025-01-11,Sur,Audífonos,3,1200,3600
2025-01-11,Sur,Webcam,5,950,4750
2025-01-11,Sur,Router,2,900,1800
2025-01-11,Sur,Smartwatch,6,5000,30000
2025-01-11,Centro,Laptop,6,18000,108000
2025-01-11,Centro,Tablet,7,7000,49000
2025-01-11,Centro,Smartphone,6,12000,72000
2025-01-11,Centro,Monitor,6,3500,21000
2025-01-11,Centro,Teclado,4,800,3200
2025-01-11,Centro,Mouse,4,450,1800
2025-01-11,Centro,Impresora,7,4200,29400
2025-01-11,Centro,Disco SSD,5,1500,7500
2025-01-11,Centro,Audífonos,5,1200,6000
2025-01-11,Centro,Webcam,8,950,7600
2025-01-11,Centro,Router,4,900,3600
2025-01-11,Centro,Smartwatch,2,5000,10000
2025-01-11,Oriente,Laptop,3,18000,54000
2025-01-11,Oriente,Tablet,4,7000,28000
2025-01-11,Oriente,Smartphone,6,12000,72000
2025-01-11,Oriente,Monitor,9,3500,31500
2025-01-11,Oriente,Teclado,3,800,2400
2025-01-11,Oriente,Mouse,5,450,2250
2025-01-11,Oriente,Impresora,3,4200,12600
2025-01-11,Oriente,Disco SSD,2,1500,3000
2025-01-11,Oriente,Audífonos,4,1200,4800
2025-01-11,Oriente,Webcam,9,950,8550
2025-01-11,Oriente,Router,4,900,3600
2025-01-11,Oriente,Smartwatch,5,5000,25000
2025-01-11,Poniente,Laptop,8,18000,144000
2025-01-11,Poniente,Tablet,8,7000,56000
2025-01-11,Poniente,Smartphone,5,12000,60000
2025-01-11,Poniente,Monitor,3,3500,10500
2025-01-11,Poniente,Teclado,9,800,7200
2025-01-11,Poniente,Mouse,2,450,900
2025-01-11,Poniente,Impresora,8,4200,33600
2025-01-11,Poniente,Disco SSD,7,1500,10500
2025-01-11,Poniente,Audífonos,6,1200,7200
2025-01-11,Poniente,Webcam,9,950,8550
2025-01-11,Poniente,Router,3,900,2700
2025-01-11,Poniente,Smartwatch,6,5000,30000
2025-01-11,Online,Laptop,7,18000,126000
2025-01-11,Online,Tablet,7,7000,49000
2025-01-11,Online,Smartphone,5,12000,60000
2025-01-11,Online,Monitor,5,3500,17500
2025-01-11,Online,Teclado,1,800,800
2025-01-11,Online,Mouse,7,450,3150
2025-01-11,Online,Impresora,4,4200,16800
2025-01-11,Online,Disco SSD,7,1500,10500
2025-01-11,Online,Audífonos,5,1200,6000
2025-01-11,Online,Webcam,5,950,4750
2025-01-11,Online,Router,3,900,2700
2025-01-11,Online,Smartwatch,5,5000,25000
2025-01-12,Norte,Laptop,5,18000,90000
2025-01-12,Norte,Tablet,4,7000,28000
2025-01-12,Norte,Smartphone,3,12000,36000
2025-01-12,Norte,Monitor,3,3500,10500
2025-01-12,Norte,Teclado,5,800,4000
2025-01-12,Norte,Mouse,10,450,4500
2025-01-12,Norte,Impresora,2,4200,8400
2025-01-12,Norte,Disco SSD,5,1500,7500
2025-01-12,Norte,Audífonos,3,1200,3600
2025-01-12,Norte,Webcam,4,950,3800
2025-01-12,Norte,Router,6,900,5400
2025-01-12,Norte,Smartwatch,3,5000,15000
2025-01-12,Sur,Laptop,4,18000,72000
2025-01-12,Sur,Tablet,4,7000,28000
2025-01-12,Sur,Smartphone,5,12000,60000
2025-01-12,Sur,Monitor,8,3500,28000
2025-01-12,Sur,Teclado,5,800,4000
2025-01-12,Sur,Mouse,6,450,2700
2025-01-12,Sur,Impresora,3,4200,12600
2025-01-12,Sur,Disco SSD,4,1500,6000
2025-01-12,Sur,Audífonos,5,1200,6000
2025-01-12,Sur,Webcam,6,950,5700
2025-01-12,Sur,Router,7,900,6300
2025-01-12,Sur,Smartwatch,5,5000,25000
2025-01-12,Centro,Laptop,2,18000,36000
2025-01-12,Centro,Tablet,6,7000,42000
2025-01-12,Centro,Smartphone,4,12000,48000
2025-01-12,Centro,Monitor,2,3500,7000
2025-01-12,Centro,Teclado,4,800,3200
2025-01-12,Centro,Mouse,2,450,900
2025-01-12,Centro,Impresora,3,4200,12600
2025-01-12,Centro,Disco SSD,4,1500,6000
2025-01-12,Centro,Audífonos,7,1200,8400
2025-01-12,Centro,Webcam,5,950,4750
2025-01-12,Centro,Router,5,900,4500
2025-01-12,Centro,Smartwatch,7,5000,35000
2025-01-12,Oriente,Laptop,9,18000,162000
2025-01-12,Oriente,Tablet,7,7000,49000
2025-01-12,Oriente,Smartphone,6,12000,72000
2025-01-12,Oriente,Monitor,6,3500,21000
2025-01-12,Oriente,Teclado,9,800,7200
2025-01-12,Oriente,Mouse,2,450,900
2025-01-12,Oriente,Impresora,3,4200,12600
2025-01-12,Oriente,Disco SSD,9,1500,13500
2025-01-12,Oriente,Audífonos,3,1200,3600
2025-01-12,Oriente,Webcam,8,950,7600
2025-01-12,Oriente,Router,5,900,4500
2025-01-12,Oriente,Smartwatch,4,5000,20000
2025-01-12,Poniente,Laptop,9,18000,162000
2025-01-12,Poniente,Tablet,2,7000,14000
2025-01-12,Poniente,Smartphone,5,12000,60000
2025-01-12,Poniente,Monitor,10,3500,35000
2025-01-12,Poniente,Teclado,5,800,4000
2025-01-12,Poniente,Mouse,4,450,1800
2025-01-12,Poniente,Impresora,7,4200,29400
2025-01-12,Poniente,Disco SSD,3,1500,4500
2025-01-12,Poniente,Audífonos,6,1200,7200
2025-01-12,Poniente,Webcam,3,950,2850
2025-01-12,Poniente,Router,3,900,2700
2025-01-12,Poniente,Smartwatch,4,5000,20000
2025-01-12,Online,Laptop,1,18000,18000
2025-01-12,Online,Tablet,2,7000,14000
2025-01-12,Online,Smartphone,4,12000,48000
2025-01-12,Online,Monitor,5,3500,17500
2025-01-12,Online,Teclado,8,800,6400
2025-01-12,Online,Mouse,7,450,3150
2025-01-12,Online,Impresora,7,4200,29400
2025-01-12,Online,Disco SSD,2,1500,3000
2025-01-12,Online,Audífonos,6,1200,7200
2025-01-12,Online,Webcam,8,950,7600
2025-01-12,Online,Router,6,900,5400
2025-01-12,Online,Smartwatch,4,5000,20000
2025-01-13,Norte,Laptop,4,18000,72000
2025-01-13,Norte,Tablet,4,7000,28000
2025-01-13,Norte,Smartphone,1,12000,12000
2025-01-13,Norte,Monitor,6,3500,21000
2025-01-13,Norte,Teclado,8,800,6400
2025-01-13,Norte,Mouse,7,450,3150
2025-01-13,Norte,Impresora,7,4200,29400
2025-01-13,Norte,Disco SSD,6,1500,9000
2025-01-13,Norte,Audífonos,6,1200,7200
2025-01-13,Norte,Webcam,4,950,3800
2025-01-13,Norte,Router,3,900,2700
2025-01-13,Norte,Smartwatch,6,5000,30000
2025-01-13,Sur,Laptop,3,18000,54000
2025-01-13,Sur,Tablet,10,7000,70000
2025-01-13,Sur,Smartphone,5,12000,60000
2025-01-13,Sur,Monitor,6,3500,21000
2025-01-13,Sur,Teclado,6,800,4800
2025-01-13,Sur,Mouse,4,450,1800
2025-01-13,Sur,Impresora,6,4200,25200
2025-01-13,Sur,Disco SSD,5,1500,7500
2025-01-13,Sur,Audífonos,3,1200,3600
2025-01-13,Sur,Webcam,2,950,1900
2025-01-13,Sur,Router,3,900,2700
2025-01-13,Sur,Smartwatch,2,5000,10000
2025-01-13,Centro,Laptop,8,18000,144000
2025-01-13,Centro,Tablet,7,7000,49000
2025-01-13,Centro,Smartphone,4,12000,48000
2025-01-13,Centro,Monitor,3,3500,10500
2025-01-13,Centro,Teclado,3,800,2400
2025-01-13,Centro,Mouse,6,450,2700
2025-01-13,Centro,Impresora,5,4200,21000
2025-01-13,Centro,Disco SSD,1,1500,1500
2025-01-13,Centro,Audífonos,8,1200,9600
2025-01-13,Centro,Webcam,9,950,8550
2025-01-13,Centro,Router,4,900,3600
2025-01-13,Centro,Smartwatch,7,5000,35000
2025-01-13,Oriente,Laptop,3,18000,54000
2025-01-13,Oriente,Tablet,7,7000,49000
2025-01-13,Oriente,Smartphone,5,12000,60000
2025-01-13,Oriente,Monitor,6,3500,21000
2025-01-13,Oriente,Teclado,8,800,6400
2025-01-13,Oriente,Mouse,2,450,900
2025-01-13,Oriente,Impresora,4,4200,16800
2025-01-13,Oriente,Disco SSD,9,1500,13500
2025-01-13,Oriente,Audífonos,4,1200,4800
2025-01-13,Oriente,Webcam,4,950,3800
2025-01-13,Oriente,Router,3,900,2700
2025-01-13,Oriente,Smartwatch,4,5000,20000
2025-01-13,Poniente,Laptop,4,18000,72000
2025-01-13,Poniente,Tablet,6,7000,42000
2025-01-13,Poniente,Smartphone,7,12000,84000
2025-01-13,Poniente,Monitor,3,3500,10500
2025-01-13,Poniente,Teclado,6,800,4800
2025-01-13,Poniente,Mouse,8,450,3600
2025-01-13,Poniente,Impresora,7,4200,29400
2025-01-13,Poniente,Disco SSD,3,1500,4500
2025-01-13,Poniente,Audífonos,4,1200,4800
2025-01-13,Poniente,Webcam,6,950,5700
2025-01-13,Poniente,Router,8,900,7200
2025-01-13,Poniente,Smartwatch,3,5000,15000
2025-01-13,Online,Laptop,4,18000,72000
2025-01-13,Online,Tablet,3,7000,21000
2025-01-13,Online,Smartphone,8,12000,96000
2025-01-13,Online,Monitor,1,3500,3500
2025-01-13,Online,Teclado,3,800,2400
2025-01-13,Online,Mouse,7,450,3150
2025-01-13,Online,Impresora,5,4200,21000
2025-01-13,Online,Disco SSD,9,1500,13500
2025-01-13,Online,Audífonos,5,1200,6000
2025-01-13,Online,Webcam,4,950,3800
2025-01-13,Online,Router,5,900,4500
2025-01-13,Online,Smartwatch,7,5000,35000
2025-01-14,Norte,Laptop,3,18000,54000
2025-01-14,Norte,Tablet,6,7000,42000
2025-01-14,Norte,Smartphone,7,12000,84000
2025-01-14,Norte,Monitor,4,3500,14000
2025-01-14,Norte,Teclado,4,800,3200
2025-01-14,Norte,Mouse,4,450,1800
2025-01-14,Norte,Impresora,3,4200,12600
2025-01-14,Norte,Disco SSD,4,1500,6000
2025-01-14,Norte,Audífonos,2,1200,2400
2025-01-14,Norte,Webcam,7,950,6650
2025-01-14,Norte,Router,6,900,5400
2025-01-14,Norte,Smartwatch,7,5000,35000
2025-01-14,Sur,Laptop,5,18000,90000
2025-01-14,Sur,Tablet,4,7000,28000
2025-01-14,Sur,Smartphone,5,12000,60000
2025-01-14,Sur,Monitor,4,3500,14000
2025-01-14,Sur,Teclado,7,800,5600
2025-01-14,Sur,Mouse,5,450,2250
2025-01-14,Sur,Impresora,6,4200,25200
2025-01-14,Sur,Disco SSD,5,1500,7500
2025-01-14,Sur,Audífonos,2,1200,2400
2025-01-14,Sur,Webcam,4,950,3800
2025-01-14,Sur,Router,4,900,3600
2025-01-14,Sur,Smartwatch,6,5000,30000
2025-01-14,Centro,Laptop,11,18000,198000
2025-01-14,Centro,Tablet,6,7000,42000
2025-01-14,Centro,Smartphone,8,12000,96000
2025-01-14,Centro,Monitor,5,3500,17500
2025-01-14,Centro,Teclado,3,800,2400
2025-01-14,Centro,Mouse,5,450,2250
2025-01-14,Centro,Impresora,1,4200,4200
2025-01-14,Centro,Disco SSD,8,1500,12000
2025-01-14,Centro,Audífonos,6,1200,7200
2025-01-14,Centro,Webcam,4,950,3800
2025-01-14,Centro,Router,7,900,6300
2025-01-14,Centro,Smartwatch,1,5000,5000
2025-01-14,Oriente,Laptop,7,18000,126000
2025-01-14,Oriente,Tablet,3,7000,21000
2025-01-14,Oriente,Smartphone,9,12000,108000
2025-01-14,Oriente,Monitor,4,3500,14000
2025-01-14,Oriente,Teclado,2,800,1600
2025-01-14,Oriente,Mouse,4,450,1800
2025-01-14,Oriente,Impresora,6,4200,25200
2025-01-14,Oriente,Disco SSD,2,1500,3000
2025-01-14,Oriente,Audífonos,1,1200,1200
2025-01-14,Oriente,Webcam,7,950,6650
2025-01-14,Oriente,Router,7,900,6300
2025-01-14,Oriente,Smartwatch,6,5000,30000
2025-01-14,Poniente,Laptop,8,18000,144000
2025-01-14,Poniente,Tablet,7,7000,49000
2025-01-14,Poniente,Smartphone,5,12000,60000
2025-01-14,Poniente,Monitor,6,3500,21000
2025-01-14,Poniente,Teclado,6,800,4800
2025-01-14,Poniente,Mouse,7,450,3150
2025-01-14,Poniente,Impresora,6,4200,25200
2025-01-14,Poniente,Disco SSD,3,1500,4500
2025-01-14,Poniente,Audífonos,3,1200,3600
2025-01-14,Poniente,Webcam,1,950,950
2025-01-14,Poniente,Router,5,900,4500
2025-01-14,Poniente,Smartwatch,3,5000,15000
2025-01-14,Online,Laptop,9,18000,162000
2025-01-14,Online,Tablet,8,7000,56000
2025-01-14,Online,Smartphone,4,12000,48000
2025-01-14,Online,Monitor,2,3500,7000
2025-01-14,Online,Teclado,3,800,2400
2025-01-14,Online,Mouse,2,450,900
2025-01-14,Online,Impresora,4,4200,16800
2025-01-14,Online,Disco SSD,4,1500,6000
2025-01-14,Online,Audífonos,5,1200,6000
2025-01-14,Online,Webcam,8,950,7600
2025-01-14,Online,Router,6,900,5400
2025-01-14,Online,Smartwatch,3,5000,15000
2025-01-15,Norte,Laptop,5,18000,90000
2025-01-15,Norte,Tablet,6,7000,42000
2025-01-15,Norte,Smartphone,3,12000,36000
2025-01-15,Norte,Monitor,8,3500,28000
2025-01-15,Norte,Teclado,8,800,6400
2025-01-15,Norte,Mouse,5,450,2250
2025-01-15,Norte,Impresora,4,4200,16800
2025-01-15,Norte,Disco SSD,2,1500,3000
2025-01-15,Norte,Audífonos,6,1200,7200
2025-01-15,Norte,Webcam,5,950,4750
2025-01-15,Norte,Router,6,900,5400
2025-01-15,Norte,Smartwatch,7,5000,35000
2025-01-15,Sur,Laptop,3,18000,54000
2025-01-15,Sur,Tablet,9,7000,63000
2025-01-15,Sur,Smartphone,2,12000,24000
2025-01-15,Sur,Monitor,0,3500,0
2025-01-15,Sur,Teclado,6,800,4800
2025-01-15,Sur,Mouse,4,450,1800
2025-01-15,Sur,Impresora,6,4200,25200
2025-01-15,Sur,Disco SSD,4,1500,6000
2025-01-15,Sur,Audífonos,5,1200,6000
2025-01-15,Sur,Webcam,2,950,1900
2025-01-15,Sur,Router,5,900,4500
2025-01-15,Sur,Smartwatch,4,5000,20000
2025-01-15,Centro,Laptop,3,18000,54000
2025-01-15,Centro,Tablet,5,7000,35000
2025-01-15,Centro,Smartphone,3,12000,36000
2025-01-15,Centro,Monitor,3,3500,10500
2025-01-15,Centro,Teclado,4,800,3200
2025-01-15,Centro,Mouse,8,450,3600
2025-01-15,Centro,Impresora,5,4200,21000
2025-01-15,Centro,Disco SSD,4,1500,6000
2025-01-15,Centro,Audífonos,4,1200,4800
2025-01-15,Centro,Webcam,4,950,3800
2025-01-15,Centro,Router,4,900,3600
2025-01-15,Centro,Smartwatch,7,5000,35000
2025-01-15,Oriente,Laptop,8,18000,144000
2025-01-15,Oriente,Tablet,7,7000,49000
2025-01-15,Oriente,Smartphone,3,12000,36000
2025-01-15,Oriente,Monitor,6,3500,21000
2025-01-15,Oriente,Teclado,6,800,4800
2025-01-15,Oriente,Mouse,4,450,1800
2025-01-15,Oriente,Impresora,6,4200,25200
2025-01-15,Oriente,Disco SSD,9,1500,13500
2025-01-15,Oriente,Audífonos,6,1200,7200
2025-01-15,Oriente,Webcam,4,950,3800
2025-01-15,Oriente,Router,6,900,5400
2025-01-15,Oriente,Smartwatch,7,5000,35000
2025-01-15,Poniente,Laptop,4,18000,72000
2025-01-15,Poniente,Tablet,3,7000,21000
2025-01-15,Poniente,Smartphone,4,12000,48000
2025-01-15,Poniente,Monitor,5,3500,17500
2025-01-15,Poniente,Teclado,3,800,2400
2025-01-15,Poniente,Mouse,5,450,2250
2025-01-15,Poniente,Impresora,3,4200,12600
2025-01-15,Poniente,Disco SSD,5,1500,7500
2025-01-15,Poniente,Audífonos,5,1200,6000
2025-01-15,Poniente,Webcam,5,950,4750
2025-01-15,Poniente,Router,6,900,5400
2025-01-15,Poniente,Smartwatch,6,5000,30000
2025-01-15,Online,Laptop,6,18000,108000
2025-01-15,Online,Tablet,5,7000,35000
2025-01-15,Online,Smartphone,7,12000,84000
2025-01-15,Online,Monitor,3,3500,10500
2025-01-15,Online,Teclado,5,800,4000
2025-01-15,Online,Mouse,7,450,3150
2025-01-15,Online,Impresora,2,4200,8400
2025-01-15,Online,Disco SSD,8,1500,12000
2025-01-15,Online,Audífonos,4,1200,4800
2025-01-15,Online,Webcam,2,950,1900
2025-01-15,Online,Router,5,900,4500
2025-01-15,Online,Smartwatch,5,5000,25000
2025-01-16,Norte,Laptop,4,18000,72000
2025-01-16,Norte,Tablet,6,7000,42000
2025-01-16,Norte,Smartphone,8,12000,96000
2025-01-16,Norte,Monitor,4,3500,14000
2025-01-16,Norte,Teclado,3,800,2400
2025-01-16,Norte,Mouse,6,450,2700
2025-01-16,Norte,Impresora,4,4200,16800
2025-01-16,Norte,Disco SSD,2,1500,3000
2025-01-16,Norte,Audífonos,3,1200,3600
2025-01-16,Norte,Webcam,1,950,950
2025-01-16,Norte,Router,9,900,8100
2025-01-16,Norte,Smartwatch,5,5000,25000
2025-01-16,Sur,Laptop,3,18000,54000
2025-01-16,Sur,Tablet,4,7000,28000
2025-01-16,Sur,Smartphone,3,12000,36000
2025-01-16,Sur,Monitor,4,3500,14000
2025-01-16,Sur,Teclado,6,800,4800
2025-01-16,Sur,Mouse,4,450,1800
2025-01-16,Sur,Impresora,2,4200,8400
2025-01-16,Sur,Disco SSD,6,1500,9000
2025-01-16,Sur,Audífonos,3,1200,3600
2025-01-16,Sur,Webcam,6,950,5700
2025-01-16,Sur,Router,2,900,1800
2025-01-16,Sur,Smartwatch,8,5000,40000
2025-01-16,Centro,Laptop,3,18000,54000
2025-01-16,Centro,Tablet,6,7000,42000
2025-01-16,Centro,Smartphone,4,12000,48000
2025-01-16,Centro,Monitor,5,3500,17500
2025-01-16,Centro,Teclado,6,800,4800
2025-01-16,Centro,Mouse,1,450,450
2025-01-16,Centro,Impresora,5,4200,21000
2025-01-16,Centro,Disco SSD,7,1500,10500
2025-01-16,Centro,Audífonos,6,1200,7200
2025-01-16,Centro,Webcam,6,950,5700
2025-01-16,Centro,Router,7,900,6300
2025-01-16,Centro,Smartwatch,4,5000,20000
2025-01-16,Oriente,Laptop,3,18000,54000
2025-01-16,Oriente,Tablet,8,7000,56000
2025-01-16,Oriente,Smartphone,4,12000,48000
2025-01-16,Oriente,Monitor,5,3500,17500
2025-01-16,Oriente,Teclado,5,800,4000
2025-01-16,Oriente,Mouse,3,450,1350
2025-01-16,Oriente,Impresora,9,4200,37800
2025-01-16,Oriente,Disco SSD,8,1500,12000
2025-01-16,Oriente,Audífonos,6,1200,7200
2025-01-16,Oriente,Webcam,3,950,2850
2025-01-16,Oriente,Router,5,900,4500
2025-01-16,Oriente,Smartwatch,5,5000,25000
2025-01-16,Poniente,Laptop,5,18000,90000
2025-01-16,Poniente,Tablet,3,7000,21000
2025-01-16,Poniente,Smartphone,7,12000,84000
2025-01-16,Poniente,Monitor,3,3500,10500
2025-01-16,Poniente,Teclado,0,800,0
2025-01-16,Poniente,Mouse,6,450,2700
2025-01-16,Poniente,Impresora,6,4200,25200
2025-01-16,Poniente,Disco SSD,4,1500,6000
2025-01-16,Poniente,Audífonos,5,1200,6000
2025-01-16,Poniente,Webcam,9,950,8550
2025-01-16,Poniente,Router,5,900,4500
2025-01-16,Poniente,Smartwatch,4,5000,20000
2025-01-16,Online,Laptop,3,18000,54000
2025-01-16,Online,Tablet,6,7000,42000
2025-01-16,Online,Smartphone,2,12000,24000
2025-01-16,Online,Monitor,6,3500,21000
2025-01-16,Online,Teclado,6,800,4800
2025-01-16,Online,Mouse,6,450,2700
2025-01-16,Online,Impresora,5,4200,21000
2025-01-16,Online,Disco SSD,3,1500,4500
2025-01-16,Online,Audífonos,4,1200,4800
2025-01-16,Online,Webcam,4,950,3800
2025-01-16,Online,Router,5,900,4500
2025-01-16,Online,Smartwatch,4,5000,20000
2025-01-17,Norte,Laptop,4,18000,72000
2025-01-17,Norte,Tablet,5,7000,35000
2025-01-17,Norte,Smartphone,5,12000,60000
2025-01-17,Norte,Monitor,5,3500,17500
2025-01-17,Norte,Teclado,7,800,5600
2025-01-17,Norte,Mouse,3,450,1350
2025-01-17,Norte,Impresora,2,4200,8400
2025-01-17,Norte,Disco SSD,4,1500,6000
2025-01-17,Norte,Audífonos,4,1200,4800
2025-01-17,Norte,Webcam,6,950,5700
2025-01-17,Norte,Router,3,900,2700
2025-01-17,Norte,Smartwatch,5,5000,25000
2025-01-17,Sur,Laptop,5,18000,90000
2025-01-17,Sur,Tablet,5,7000,35000
2025-01-17,Sur,Smartphone,5,12000,60000
2025-01-17,Sur,Monitor,3,3500,10500
2025-01-17,Sur,Teclado,10,800,8000
2025-01-17,Sur,Mouse,5,450,2250
2025-01-17,Sur,Impresora,4,4200,16800
2025-01-17,Sur,Disco SSD,4,1500,6000
2025-01-17,Sur,Audífonos,7,1200,8400
2025-01-17,Sur,Webcam,3,950,2850
2025-01-17,Sur,Router,6,900,5400
2025-01-17,Sur,Smartwatch,2,5000,10000
2025-01-17,Centro,Laptop,4,18000,72000
2025-01-17,Centro,Tablet,4,7000,28000
2025-01-17,Centro,Smartphone,4,12000,48000
2025-01-17,Centro,Monitor,8,3500,28000
2025-01-17,Centro,Teclado,5,800,4000
2025-01-17,Centro,Mouse,8,450,3600
2025-01-17,Centro,Impresora,5,4200,21000
2025-01-17,Centro,Disco SSD,7,1500,10500
2025-01-17,Centro,Audífonos,8,1200,9600
2025-01-17,Centro,Webcam,3,950,2850
2025-01-17,Centro,Router,4,900,3600
2025-01-17,Centro,Smartwatch,6,5000,30000
2025-01-17,Oriente,Laptop,4,18000,72000
2025-01-17,Oriente,Tablet,4,7000,28000
2025-01-17,Oriente,Smartphone,6,12000,72000
2025-01-17,Oriente,Monitor,2,3500,7000
2025-01-17,Oriente,Teclado,4,800,3200
2025-01-17,Oriente,Mouse,2,450,900
2025-01-17,Oriente,Impresora,8,4200,33600
2025-01-17,Oriente,Disco SSD,7,1500,10500
2025-01-17,Oriente,Audífonos,2,1200,2400
2025-01-17,Oriente,Webcam,5,950,4750
2025-01-17,Oriente,Router,6,900,5400
2025-01-17,Oriente,Smartwatch,7,5000,35000
2025-01-17,Poniente,Laptop,7,18000,126000
2025-01-17,Poniente,Tablet,7,7000,49000
2025-01-17,Poniente,Smartphone,6,12000,72000
2025-01-17,Poniente,Monitor,5,3500,17500
2025-01-17,Poniente,Teclado,5,800,4000
2025-01-17,Poniente,Mouse,8,450,3600
2025-01-17,Poniente,Impresora,7,4200,29400
2025-01-17,Poniente,Disco SSD,4,1500,6000
2025-01-17,Poniente,Audífonos,5,1200,6000
2025-01-17,Poniente,Webcam,8,950,7600
2025-01-17,Poniente,Router,5,900,4500
2025-01-17,Poniente,Smartwatch,2,5000,10000
2025-01-17,Online,Laptop,3,18000,54000
2025-01-17,Online,Tablet,7,7000,49000
2025-01-17,Online,Smartphone,3,12000,36000
2025-01-17,Online,Monitor,8,3500,28000
2025-01-17,Online,Teclado,1,800,800
2025-01-17,Online,Mouse,5,450,2250
2025-01-17,Online,Impresora,3,4200,12600
2025-01-17,Online,Disco SSD,5,1500,7500
2025-01-17,Online,Audífonos,5,1200,6000
2025-01-17,Online,Webcam,2,950,1900
2025-01-17,Online,Router,7,900,6300
2025-01-17,Online,Smartwatch,2,5000,10000
2025-01-18,Norte,Laptop,4,18000,72000
2025-01-18,Norte,Tablet,5,7000,35000
2025-01-18,Norte,Smartphone,4,12000,48000
2025-01-18,Norte,Monitor,4,3500,14000
2025-01-18,Norte,Teclado,5,800,4000
2025-01-18,Norte,Mouse,4,450,1800
2025-01-18,Norte,Impresora,4,4200,16800
2025-01-18,Norte,Disco SSD,5,1500,7500
2025-01-18,Norte,Audífonos,7,1200,8400
2025-01-18,Norte,Webcam,6,950,5700
2025-01-18,Norte,Router,6,900,5400
2025-01-18,Norte,Smartwatch,8,5000,40000
2025-01-18,Sur,Laptop,5,18000,90000
2025-01-18,Sur,Tablet,2,7000,14000
2025-01-18,Sur,Smartphone,4,12000,48000
2025-01-18,Sur,Monitor,6,3500,21000
2025-01-18,Sur,Teclado,3,800,2400
2025-01-18,Sur,Mouse,3,450,1350
2025-01-18,Sur,Impresora,5,4200,21000
2025-01-18,Sur,Disco SSD,5,1500,7500
2025-01-18,Sur,Audífonos,6,1200,7200
2025-01-18,Sur,Webcam,2,950,1900
2025-01-18,Sur,Router,6,900,5400
2025-01-18,Sur,Smartwatch,4,5000,20000
2025-01-18,Centro,Laptop,3,18000,54000
2025-01-18,Centro,Tablet,4,7000,28000
2025-01-18,Centro,Smartphone,2,12000,24000
2025-01-18,Centro,Monitor,6,3500,21000
2025-01-18,Centro,Teclado,8,800,6400
2025-01-18,Centro,Mouse,5,450,2250
2025-01-18,Centro,Impresora,6,4200,25200
2025-01-18,Centro,Disco SSD,5,1500,7500
2025-01-18,Centro,Audífonos,5,1200,6000
2025-01-18,Centro,Webcam,6,950,5700
2025-01-18,Centro,Router,4,900,3600
2025-01-18,Centro,Smartwatch,4,5000,20000
2025-01-18,Oriente,Laptop,5,18000,90000
2025-01-18,Oriente,Tablet,5,7000,35000
2025-01-18,Oriente,Smartphone,4,12000,48000
2025-01-18,Oriente,Monitor,4,3500,14000
2025-01-18,Oriente,Teclado,7,800,5600
2025-01-18,Oriente,Mouse,5,450,2250
2025-01-18,Oriente,Impresora,4,4200,16800
2025-01-18,Oriente,Disco SSD,3,1500,4500
2025-01-18,Oriente,Audífonos,9,1200,10800
2025-01-18,Oriente,Webcam,6,950,5700
2025-01-18,Oriente,Router,6,900,5400
2025-01-18,Oriente,Smartwatch,4,5000,20000
2025-01-18,Poniente,Laptop,7,18000,126000
2025-01-18,Poniente,Tablet,6,7000,42000
2025-01-18,Poniente,Smartphone,6,12000,72000
2025-01-18,Poniente,Monitor,2,3500,7000
2025-01-18,Poniente,Teclado,6,800,4800
2025-01-18,Poniente,Mouse,4,450,1800
2025-01-18,Poniente,Impresora,7,4200,29400
2025-01-18,Poniente,Disco SSD,8,1500,12000
2025-01-18,Poniente,Audífonos,6,1200,7200
2025-01-18,Poniente,Webcam,3,950,2850
2025-01-18,Poniente,Router,4,900,3600
2025-01-18,Poniente,Smartwatch,5,5000,25000
2025-01-18,Online,Laptop,3,18000,54000
2025-01-18,Online,Tablet,5,7000,35000
2025-01-18,Online,Smartphone,8,12000,96000
2025-01-18,Online,Monitor,8,3500,28000
2025-01-18,Online,Teclado,5,800,4000
2025-01-18,Online,Mouse,5,450,2250
2025-01-18,Online,Impresora,8,4200,33600
2025-01-18,Online,Disco SSD,5,1500,7500
2025-01-18,Online,Audífonos,4,1200,4800
2025-01-18,Online,Webcam,3,950,2850
2025-01-18,Online,Router,7,900,6300
2025-01-18,Online,Smartwatch,4,5000,20000
2025-01-19,Norte,Laptop,4,18000,72000
2025-01-19,Norte,Tablet,5,7000,35000
2025-01-19,Norte,Smartphone,3,12000,36000
2025-01-19,Norte,Monitor,5,3500,17500
2025-01-19,Norte,Teclado,4,800,3200
2025-01-19,Norte,Mouse,6,450,2700
2025-01-19,Norte,Impresora,5,4200,21000
2025-01-19,Norte,Disco SSD,5,1500,7500
2025-01-19,Norte,Audífonos,2,1200,2400
2025-01-19,Norte,Webcam,5,950,4750
2025-01-19,Norte,Router,3,900,2700
2025-01-19,Norte,Smartwatch,3,5000,15000
2025-01-19,Sur,Laptop,5,18000,90000
2025-01-19,Sur,Tablet,4,7000,28000
2025-01-19,Sur,Smartphone,3,12000,36000
2025-01-19,Sur,Monitor,4,3500,14000
2025-01-19,Sur,Teclado,2,800,1600
2025-01-19,Sur,Mouse,6,450,2700
2025-01-19,Sur,Impresora,7,4200,29400
2025-01-19,Sur,Disco SSD,3,1500,4500
2025-01-19,Sur,Audífonos,5,1200,6000
2025-01-19,Sur,Webcam,4,950,3800
2025-01-19,Sur,Router,6,900,5400
2025-01-19,Sur,Smartwatch,6,5000,30000
2025-01-19,Centro,Laptop,2,18000,36000
2025-01-19,Centro,Tablet,2,7000,14000
2025-01-19,Centro,Smartphone,5,12000,60000
2025-01-19,Centro,Monitor,2,3500,7000
2025-01-19,Centro,Teclado,7,800,5600
2025-01-19,Centro,Mouse,4,450,1800
2025-01-19,Centro,Impresora,5,4200,21000
2025-01-19,Centro,Disco SSD,7,1500,10500
2025-01-19,Centro,Audífonos,5,1200,6000
2025-01-19,Centro,Webcam,7,950,6650
2025-01-19,Centro,Router,1,900,900
2025-01-19,Centro,Smartwatch,3,5000,15000
2025-01-19,Oriente,Laptop,4,18000,72000
2025-01-19,Oriente,Tablet,9,7000,63000
2025-01-19,Oriente,Smartphone,4,12000,48000
2025-01-19,Oriente,Monitor,5,3500,17500
2025-01-19,Oriente,Teclado,6,800,4800
2025-01-19,Oriente,Mouse,6,450,2700
2025-01-19,Oriente,Impresora,3,4200,12600
2025-01-19,Oriente,Disco SSD,3,1500,4500
2025-01-19,Oriente,Audífonos,5,1200,6000
2025-01-19,Oriente,Webcam,7,950,6650
2025-01-19,Oriente,Router,6,900,5400
2025-01-19,Oriente,Smartwatch,6,5000,30000
2025-01-19,Poniente,Laptop,4,18000,72000
2025-01-19,Poniente,Tablet,7,7000,49000
2025-01-19,Poniente,Smartphone,4,12000,48000
2025-01-19,Poniente,Monitor,8,3500,28000
2025-01-19,Poniente,Teclado,5,800,4000
2025-01-19,Poniente,Mouse,5,450,2250
2025-01-19,Poniente,Impresora,4,4200,16800
2025-01-19,Poniente,Disco SSD,5,1500,7500
2025-01-19,Poniente,Audífonos,2,1200,2400
2025-01-19,Poniente,Webcam,3,950,2850
2025-01-19,Poniente,Router,7,900,6300
2025-01-19,Poniente,Smartwatch,5,5000,25000
2025-01-19,Online,Laptop,6,18000,108000
2025-01-19,Online,Tablet,7,7000,49000
2025-01-19,Online,Smartphone,2,12000,24000
2025-01-19,Online,Monitor,7,3500,24500
2025-01-19,Online,Teclado,5,800,4000
2025-01-19,Online,Mouse,5,450,2250
2025-01-19,Online,Impresora,7,4200,29400
2025-01-19,Online,Disco SSD,6,1500,9000
2025-01-19,Online,Audífonos,5,1200,6000
2025-01-19,Online,Webcam,0,950,0
2025-01-19,Online,Router,7,900,6300
2025-01-19,Online,Smartwatch,5,5000,25000
2025-01-20,Norte,Laptop,5,18000,90000
2025-01-20,Norte,Tablet,6,7000,42000
2025-01-20,Norte,Smartphone,8,12000,96000
2025-01-20,Norte,Monitor,4,3500,14000
2025-01-20,Norte,Teclado,6,800,4800
2025-01-20,Norte,Mouse,4,450,1800
2025-01-20,Norte,Impresora,1,4200,4200
2025-01-20,Norte,Disco SSD,3,1500,4500
2025-01-20,Norte,Audífonos,4,1200,4800
2025-01-20,Norte,Webcam,5,950,4750
2025-01-20,Norte,Router,4,900,3600
2025-01-20,Norte,Smartwatch,5,5000,25000
2025-01-20,Sur,Laptop,2,18000,36000
2025-01-20,Sur,Tablet,2,7000,14000
2025-01-20,Sur,Smartphone,5,12000,60000
2025-01-20,Sur,Monitor,5,3500,17500
2025-01-20,Sur,Teclado,5,800,4000
2025-01-20,Sur,Mouse,6,450,2700
2025-01-20,Sur,Impresora,4,4200,16800
2025-01-20,Sur,Disco SSD,9,1500,13500
2025-01-20,Sur,Audífonos,7,1200,8400
2025-01-20,Sur,Webcam,2,950,1900
2025-01-20,Sur,Router,3,900,2700
2025-01-20,Sur,Smartwatch,4,5000,20000
2025-01-20,Centro,Laptop,6,18000,108000
2025-01-20,Centro,Tablet,7,7000,49000
2025-01-20,Centro,Smartphone,4,12000,48000
2025-01-20,Centro,Monitor,5,3500,17500
2025-01-20,Centro,Teclado,5,800,4000
2025-01-20,Centro,Mouse,3,450,1350
2025-01-20,Centro,Impresora,3,4200,12600
2025-01-20,Centro,Disco SSD,7,1500,10500
2025-01-20,Centro,Audífonos,3,1200,3600
2025-01-20,Centro,Webcam,8,950,7600
2025-01-20,Centro,Router,8,900,7200
2025-01-20,Centro,Smartwatch,5,5000,25000
2025-01-20,Oriente,Laptop,5,18000,90000
2025-01-20,Oriente,Tablet,3,7000,21000
2025-01-20,Oriente,Smartphone,3,12000,36000
2025-01-20,Oriente,Monitor,6,3500,21000
2025-01-20,Oriente,Teclado,5,800,4000
2025-01-20,Oriente,Mouse,4,450,1800
2025-01-20,Oriente,Impresora,6,4200,25200
2025-01-20,Oriente,Disco SSD,3,1500,4500
2025-01-20,Oriente,Audífonos,12,1200,14400
2025-01-20,Oriente,Webcam,1,950,950
2025-01-20,Oriente,Router,6,900,5400
2025-01-20,Oriente,Smartwatch,1,5000,5000
2025-01-20,Poniente,Laptop,6,18000,108000
2025-01-20,Poniente,Tablet,1,7000,7000
2025-01-20,Poniente,Smartphone,4,12000,48000
2025-01-20,Poniente,Monitor,3,3500,10500
2025-01-20,Poniente,Teclado,3,800,2400
2025-01-20,Poniente,Mouse,5,450,2250
2025-01-20,Poniente,Impresora,5,4200,21000
2025-01-20,Poniente,Disco SSD,5,1500,7500
2025-01-20,Poniente,Audífonos,9,1200,10800
2025-01-20,Poniente,Webcam,3,950,2850
2025-01-20,Poniente,Router,3,900,2700
2025-01-20,Poniente,Smartwatch,6,5000,30000
2025-01-20,Online,Laptop,6,18000,108000
2025-01-20,Online,Tablet,3,7000,21000
2025-01-20,Online,Smartphone,7,12000,84000
2025-01-20,Online,Monitor,4,3500,14000
2025-01-20,Online,Teclado,1,800,800
2025-01-20,Online,Mouse,7,450,3150
2025-01-20,Online,Impresora,7,4200,29400
2025-01-20,Online,Disco SSD,2,1500,3000
2025-01-20,Online,Audífonos,5,1200,6000
2025-01-20,Online,Webcam,6,950,5700
2025-01-20,Online,Router,9,900,8100
2025-01-20,Online,Smartwatch,3,5000,15000
2025-01-21,Norte,Laptop,4,18000,72000
2025-01-21,Norte,Tablet,10,7000,70000
2025-01-21,Norte,Smartphone,4,12000,48000
2025-01-21,Norte,Monitor,4,3500,14000
2025-01-21,Norte,Teclado,4,800,3200
2025-01-21,Norte,Mouse,7,450,3150
2025-01-21,Norte,Impresora,8,4200,33600
2025-01-21,Norte,Disco SSD,6,1500,9000
2025-01-21,Norte,Audífonos,6,1200,7200
2025-01-21,Norte,Webcam,3,950,2850
2025-01-21,Norte,Router,5,900,4500
2025-01-21,Norte,Smartwatch,6,5000,30000
2025-01-21,Sur,Laptop,2,18000,36000
2025-01-21,Sur,Tablet,8,7000,56000
2025-01-21,Sur,Smartphone,5,12000,60000
2025-01-21,Sur,Monitor,4,3500,14000
2025-01-21,Sur,Teclado,4,800,3200
2025-01-21,Sur,Mouse,2,450,900
2025-01-21,Sur,Impresora,5,4200,21000
2025-01-21,Sur,Disco SSD,5,1500,7500
2025-01-21,Sur,Audífonos,4,1200,4800
2025-01-21,Sur,Webcam,2,950,1900
2025-01-21,Sur,Router,4,900,3600
2025-01-21,Sur,Smartwatch,4,5000,20000
2025-01-21,Centro,Laptop,1,18000,18000
2025-01-21,Centro,Tablet,8,7000,56000
2025-01-21,Centro,Smartphone,4,12000,48000
2025-01-21,Centro,Monitor,10,3500,35000
2025-01-21,Centro,Teclado,6,800,4800
2025-01-21,Centro,Mouse,3,450,1350
2025-01-21,Centro,Impresora,6,4200,25200
2025-01-21,Centro,Disco SSD,4,1500,6000
2025-01-21,Centro,Audífonos,3,1200,3600
2025-01-21,Centro,Webcam,2,950,1900
2025-01-21,Centro,Router,3,900,2700
2025-01-21,Centro,Smartwatch,5,5000,25000
2025-01-21,Oriente,Laptop,3,18000,54000
2025-01-21,Oriente,Tablet,4,7000,28000
2025-01-21,Oriente,Smartphone,3,12000,36000
2025-01-21,Oriente,Monitor,6,3500,21000
2025-01-21,Oriente,Teclado,5,800,4000
2025-01-21,Oriente,Mouse,5,450,2250
2025-01-21,Oriente,Impresora,4,4200,16800
2025-01-21,Oriente,Disco SSD,4,1500,6000
2025-01-21,Oriente,Audífonos,6,1200,7200
2025-01-21,Oriente,Webcam,4,950,3800
2025-01-21,Oriente,Router,6,900,5400
2025-01-21,Oriente,Smartwatch,4,5000,20000
2025-01-21,Poniente,Laptop,5,18000,90000
2025-01-21,Poniente,Tablet,5,7000,35000
2025-01-21,Poniente,Smartphone,4,12000,48000
2025-01-21,Poniente,Monitor,5,3500,17500
2025-01-21,Poniente,Teclado,3,800,2400
2025-01-21,Poniente,Mouse,4,450,1800
2025-01-21,Poniente,Impresora,6,4200,25200
2025-01-21,Poniente,Disco SSD,6,1500,9000
2025-01-21,Poniente,Audífonos,1,1200,1200
2025-01-21,Poniente,Webcam,3,950,2850
2025-01-21,Poniente,Router,4,900,3600
2025-01-21,Poniente,Smartwatch,6,5000,30000
2025-01-21,Online,Laptop,4,18000,72000
2025-01-21,Online,Tablet,3,7000,21000
2025-01-21,Online,Smartphone,14,12000,168000
2025-01-21,Online,Monitor,5,3500,17500
2025-01-21,Online,Teclado,4,800,3200
2025-01-21,Online,Mouse,5,450,2250
2025-01-21,Online,Impresora,5,4200,21000
2025-01-21,Online,Disco SSD,7,1500,10500
2025-01-21,Online,Audífonos,7,1200,8400
2025-01-21,Online,Webcam,7,950,6650
2025-01-21,Online,Router,2,900,1800
2025-01-21,Online,Smartwatch,5,5000,25000
2025-01-22,Norte,Laptop,3,18000,54000
2025-01-22,Norte,Tablet,7,7000,49000
2025-01-22,Norte,Smartphone,2,12000,24000
2025-01-22,Norte,Monitor,6,3500,21000
2025-01-22,Norte,Teclado,4,800,3200
2025-01-22,Norte,Mouse,8,450,3600
2025-01-22,Norte,Impresora,5,4200,21000
2025-01-22,Norte,Disco SSD,1,1500,1500
2025-01-22,Norte,Audífonos,2,1200,2400
2025-01-22,Norte,Webcam,3,950,2850
2025-01-22,Norte,Router,6,900,5400
2025-01-22,Norte,Smartwatch,8,5000,40000
2025-01-22,Sur,Laptop,4,18000,72000
2025-01-22,Sur,Tablet,3,7000,21000
2025-01-22,Sur,Smartphone,6,12000,72000
2025-01-22,Sur,Monitor,6,3500,21000
2025-01-22,Sur,Teclado,8,800,6400
2025-01-22,Sur,Mouse,6,450,2700
2025-01-22,Sur,Impresora,6,4200,25200
2025-01-22,Sur,Disco SSD,5,1500,7500
2025-01-22,Sur,Audífonos,4,1200,4800
2025-01-22,Sur,Webcam,5,950,4750
2025-01-22,Sur,Router,5,900,4500
2025-01-22,Sur,Smartwatch,6,5000,30000
2025-01-22,Centro,Laptop,11,18000,198000
2025-01-22,Centro,Tablet,8,7000,56000
2025-01-22,Centro,Smartphone,7,12000,84000
2025-01-22,Centro,Monitor,7,3500,24500
2025-01-22,Centro,Teclado,4,800,3200
2025-01-22,Centro,Mouse,8,450,3600
2025-01-22,Centro,Impresora,6,4200,25200
2025-01-22,Centro,Disco SSD,2,1500,3000
2025-01-22,Centro,Audífonos,4,1200,4800
2025-01-22,Centro,Webcam,0,950,0
2025-01-22,Centro,Router,6,900,5400
2025-01-22,Centro,Smartwatch,0,5000,0
2025-01-22,Oriente,Laptop,7,18000,126000
2025-01-22,Oriente,Tablet,9,7000,63000
2025-01-22,Oriente,Smartphone,7,12000,84000
2025-01-22,Oriente,Monitor,2,3500,7000
2025-01-22,Oriente,Teclado,4,800,3200
2025-01-22,Oriente,Mouse,8,450,3600
2025-01-22,Oriente,Impresora,5,4200,21000
2025-01-22,Oriente,Disco SSD,5,1500,7500
2025-01-22,Oriente,Audífonos,6,1200,7200
2025-01-22,Oriente,Webcam,2,950,1900
2025-01-22,Oriente,Router,4,900,3600
2025-01-22,Oriente,Smartwatch,7,5000,35000
2025-01-22,Poniente,Laptop,3,18000,54000
2025-01-22,Poniente,Tablet,6,7000,42000
2025-01-22,Poniente,Smartphone,2,12000,24000
2025-01-22,Poniente,Monitor,8,3500,28000
2025-01-22,Poniente,Teclado,10,800,8000
2025-01-22,Poniente,Mouse,5,450,2250
2025-01-22,Poniente,Impresora,4,4200,16800
2025-01-22,Poniente,Disco SSD,4,1500,6000
2025-01-22,Poniente,Audífonos,8,1200,9600
2025-01-22,Poniente,Webcam,9,950,8550
2025-01-22,Poniente,Router,7,900,6300
2025-01-22,Poniente,Smartwatch,7,5000,35000
2025-01-22,Online,Laptop,3,18000,54000
2025-01-22,Online,Tablet,8,7000,56000
2025-01-22,Online,Smartphone,7,12000,84000
2025-01-22,Online,Monitor,2,3500,7000
2025-01-22,Online,Teclado,5,800,4000
2025-01-22,Online,Mouse,7,450,3150
2025-01-22,Online,Impresora,6,4200,25200
2025-01-22,Online,Disco SSD,1,1500,1500
2025-01-22,Online,Audífonos,3,1200,3600
2025-01-22,Online,Webcam,4,950,3800
2025-01-22,Online,Router,4,900,3600
2025-01-22,Online,Smartwatch,3,5000,15000
2025-01-23,Norte,Laptop,7,18000,126000
2025-01-23,Norte,Tablet,9,7000,63000
2025-01-23,Norte,Smartphone,4,12000,48000
2025-01-23,Norte,Monitor,3,3500,10500
2025-01-23,Norte,Teclado,4,800,3200
2025-01-23,Norte,Mouse,4,450,1800
2025-01-23,Norte,Impresora,6,4200,25200
2025-01-23,Norte,Disco SSD,3,1500,4500
2025-01-23,Norte,Audífonos,10,1200,12000
2025-01-23,Norte,Webcam,5,950,4750
2025-01-23,Norte,Router,5,900,4500
2025-01-23,Norte,Smartwatch,3,5000,15000
2025-01-23,Sur,Laptop,2,18000,36000
2025-01-23,Sur,Tablet,7,7000,49000
2025-01-23,Sur,Smartphone,5,12000,60000
2025-01-23,Sur,Monitor,4,3500,14000
2025-01-23,Sur,Teclado,6,800,4800
2025-01-23,Sur,Mouse,5,450,2250
2025-01-23,Sur,Impresora,4,4200,16800
2025-01-23,Sur,Disco SSD,7,1500,10500
2025-01-23,Sur,Audífonos,4,1200,4800
2025-01-23,Sur,Webcam,2,950,1900
2025-01-23,Sur,Router,3,900,2700
2025-01-23,Sur,Smartwatch,8,5000,40000
2025-01-23,Centro,Laptop,5,18000,90000
2025-01-23,Centro,Tablet,6,7000,42000
2025-01-23,Centro,Smartphone,2,12000,24000
2025-01-23,Centro,Monitor,3,3500,10500
2025-01-23,Centro,Teclado,3,800,2400
2025-01-23,Centro,Mouse,7,450,3150
2025-01-23,Centro,Impresora,5,4200,21000
2025-01-23,Centro,Disco SSD,2,1500,3000
2025-01-23,Centro,Audífonos,2,1200,2400
2025-01-23,Centro,Webcam,7,950,6650
2025-01-23,Centro,Router,8,900,7200
2025-01-23,Centro,Smartwatch,4,5000,20000
2025-01-23,Oriente,Laptop,4,18000,72000
2025-01-23,Oriente,Tablet,4,7000,28000
2025-01-23,Oriente,Smartphone,3,12000,36000
2025-01-23,Oriente,Monitor,4,3500,14000
2025-01-23,Oriente,Teclado,6,800,4800
2025-01-23,Oriente,Mouse,5,450,2250
2025-01-23,Oriente,Impresora,5,4200,21000
2025-01-23,Oriente,Disco SSD,3,1500,4500
2025-01-23,Oriente,Audífonos,6,1200,7200
2025-01-23,Oriente,Webcam,4,950,3800
2025-01-23,Oriente,Router,2,900,1800
2025-01-23,Oriente,Smartwatch,5,5000,25000
2025-01-23,Poniente,Laptop,7,18000,126000
2025-01-23,Poniente,Tablet,8,7000,56000
2025-01-23,Poniente,Smartphone,0,12000,0
2025-01-23,Poniente,Monitor,5,3500,17500
2025-01-23,Poniente,Teclado,4,800,3200
2025-01-23,Poniente,Mouse,6,450,2700
2025-01-23,Poniente,Impresora,4,4200,16800
2025-01-23,Poniente,Disco SSD,7,1500,10500
2025-01-23,Poniente,Audífonos,2,1200,2400
2025-01-23,Poniente,Webcam,3,950,2850
2025-01-23,Poniente,Router,3,900,2700
2025-01-23,Poniente,Smartwatch,5,5000,25000
2025-01-23,Online,Laptop,6,18000,108000
2025-01-23,Online,Tablet,9,7000,63000
2025-01-23,Online,Smartphone,6,12000,72000
2025-01-23,Online,Monitor,7,3500,24500
2025-01-23,Online,Teclado,2,800,1600
2025-01-23,Online,Mouse,2,450,900
2025-01-23,Online,Impresora,8,4200,33600
2025-01-23,Online,Disco SSD,8,1500,12000
2025-01-23,Online,Audífonos,8,1200,9600
2025-01-23,Online,Webcam,7,950,6650
2025-01-23,Online,Router,6,900,5400
2025-01-23,Online,Smartwatch,2,5000,10000
2025-01-24,Norte,Laptop,7,18000,126000
2025-01-24,Norte,Tablet,6,7000,42000
2025-01-24,Norte,Smartphone,5,12000,60000
2025-01-24,Norte,Monitor,6,3500,21000
2025-01-24,Norte,Teclado,4,800,3200
2025-01-24,Norte,Mouse,4,450,1800
2025-01-24,Norte,Impresora,4,4200,16800
2025-01-24,Norte,Disco SSD,5,1500,7500
2025-01-24,Norte,Audífonos,4,1200,4800
2025-01-24,Norte,Webcam,7,950,6650
2025-01-24,Norte,Router,2,900,1800
2025-01-24,Norte,Smartwatch,4,5000,20000
2025-01-24,Sur,Laptop,1,18000,18000
2025-01-24,Sur,Tablet,6,7000,42000
2025-01-24,Sur,Smartphone,1,12000,12000
2025-01-24,Sur,Monitor,6,3500,21000
2025-01-24,Sur,Teclado,6,800,4800
2025-01-24,Sur,Mouse,0,450,0
2025-01-24,Sur,Impresora,6,4200,25200
2025-01-24,Sur,Disco SSD,1,1500,1500
2025-01-24,Sur,Audífonos,4,1200,4800
2025-01-24,Sur,Webcam,6,950,5700
2025-01-24,Sur,Router,7,900,6300
2025-01-24,Sur,Smartwatch,6,5000,30000
2025-01-24,Centro,Laptop,3,18000,54000
2025-01-24,Centro,Tablet,7,7000,49000
2025-01-24,Centro,Smartphone,6,12000,72000
2025-01-24,Centro,Monitor,5,3500,17500
2025-01-24,Centro,Teclado,7,800,5600
2025-01-24,Centro,Mouse,4,450,1800
2025-01-24,Centro,Impresora,7,4200,29400
2025-01-24,Centro,Disco SSD,1,1500,1500
2025-01-24,Centro,Audífonos,2,1200,2400
2025-01-24,Centro,Webcam,2,950,1900
2025-01-24,Centro,Router,6,900,5400
2025-01-24,Centro,Smartwatch,8,5000,40000
2025-01-24,Oriente,Laptop,6,18000,108000
2025-01-24,Oriente,Tablet,0,7000,0
2025-01-24,Oriente,Smartphone,10,12000,120000
2025-01-24,Oriente,Monitor,2,3500,7000
2025-01-24,Oriente,Teclado,5,800,4000
2025-01-24,Oriente,Mouse,8,450,3600
2025-01-24,Oriente,Impresora,5,4200,21000
2025-01-24,Oriente,Disco SSD,4,1500,6000
2025-01-24,Oriente,Audífonos,3,1200,3600
2025-01-24,Oriente,Webcam,7,950,6650
2025-01-24,Oriente,Router,7,900,6300
2025-01-24,Oriente,Smartwatch,3,5000,15000
2025-01-24,Poniente,Laptop,3,18000,54000
2025-01-24,Poniente,Tablet,2,7000,14000
2025-01-24,Poniente,Smartphone,2,12000,24000
2025-01-24,Poniente,Monitor,7,3500,24500
2025-01-24,Poniente,Teclado,4,800,3200
2025-01-24,Poniente,Mouse,1,450,450
2025-01-24,Poniente,Impresora,3,4200,12600
2025-01-24,Poniente,Disco SSD,10,1500,15000
2025-01-24,Poniente,Audífonos,3,1200,3600
2025-01-24,Poniente,Webcam,6,950,5700
2025-01-24,Poniente,Router,4,900,3600
2025-01-24,Poniente,Smartwatch,5,5000,25000
2025-01-24,Online,Laptop,3,18000,54000
2025-01-24,Online,Tablet,7,7000,49000
2025-01-24,Online,Smartphone,5,12000,60000
2025-01-24,Online,Monitor,2,3500,7000
2025-01-24,Online,Teclado,6,800,4800
2025-01-24,Online,Mouse,3,450,1350
2025-01-24,Online,Impresora,2,4200,8400
2025-01-24,Online,Disco SSD,7,1500,10500
2025-01-24,Online,Audífonos,6,1200,7200
2025-01-24,Online,Webcam,3,950,2850
2025-01-24,Online,Router,5,900,4500
2025-01-24,Online,Smartwatch,7,5000,35000
2025-01-25,Norte,Laptop,4,18000,72000
2025-01-25,Norte,Tablet,4,7000,28000
2025-01-25,Norte,Smartphone,3,12000,36000
2025-01-25,Norte,Monitor,6,3500,21000
2025-01-25,Norte,Teclado,4,800,3200
2025-01-25,Norte,Mouse,5,450,2250
2025-01-25,Norte,Impresora,7,4200,29400
2025-01-25,Norte,Disco SSD,4,1500,6000
2025-01-25,Norte,Audífonos,3,1200,3600
2025-01-25,Norte,Webcam,1,950,950
2025-01-25,Norte,Router,5,900,4500
2025-01-25,Norte,Smartwatch,8,5000,40000
2025-01-25,Sur,Laptop,5,18000,90000
2025-01-25,Sur,Tablet,5,7000,35000
2025-01-25,Sur,Smartphone,3,12000,36000
2025-01-25,Sur,Monitor,3,3500,10500
2025-01-25,Sur,Teclado,6,800,4800
2025-01-25,Sur,Mouse,5,450,2250
2025-01-25,Sur,Impresora,7,4200,29400
2025-01-25,Sur,Disco SSD,6,1500,9000
2025-01-25,Sur,Audífonos,8,1200,9600
2025-01-25,Sur,Webcam,8,950,7600
2025-01-25,Sur,Router,8,900,7200
2025-01-25,Sur,Smartwatch,9,5000,45000
2025-01-25,Centro,Laptop,5,18000,90000
2025-01-25,Centro,Tablet,3,7000,21000
2025-01-25,Centro,Smartphone,4,12000,48000
2025-01-25,Centro,Monitor,5,3500,17500
2025-01-25,Centro,Teclado,6,800,4800
2025-01-25,Centro,Mouse,7,450,3150
2025-01-25,Centro,Impresora,4,4200,16800
2025-01-25,Centro,Disco SSD,6,1500,9000
2025-01-25,Centro,Audífonos,13,1200,15600
2025-01-25,Centro,Webcam,3,950,2850
2025-01-25,Centro,Router,7,900,6300
2025-01-25,Centro,Smartwatch,7,5000,35000
2025-01-25,Oriente,Laptop,2,18000,36000
2025-01-25,Oriente,Tablet,5,7000,35000
2025-01-25,Oriente,Smartphone,2,12000,24000
2025-01-25,Oriente,Monitor,4,3500,14000
2025-01-25,Oriente,Teclado,3,800,2400
2025-01-25,Oriente,Mouse,3,450,1350
2025-01-25,Oriente,Impresora,1,4200,4200
2025-01-25,Oriente,Disco SSD,7,1500,10500
2025-01-25,Oriente,Audífonos,4,1200,4800
2025-01-25,Oriente,Webcam,9,950,8550
2025-01-25,Oriente,Router,4,900,3600
2025-01-25,Oriente,Smartwatch,6,5000,30000
2025-01-25,Poniente,Laptop,3,18000,54000
2025-01-25,Poniente,Tablet,8,7000,56000
2025-01-25,Poniente,Smartphone,6,12000,72000
2025-01-25,Poniente,Monitor,5,3500,17500
2025-01-25,Poniente,Teclado,3,800,2400
2025-01-25,Poniente,Mouse,11,450,4950
2025-01-25,Poniente,Impresora,7,4200,29400
2025-01-25,Poniente,Disco SSD,6,1500,9000
2025-01-25,Poniente,Audífonos,6,1200,7200
2025-01-25,Poniente,Webcam,6,950,5700
2025-01-25,Poniente,Router,6,900,5400
2025-01-25,Poniente,Smartwatch,5,5000,25000
2025-01-25,Online,Laptop,8,18000,144000
2025-01-25,Online,Tablet,6,7000,42000
2025-01-25,Online,Smartphone,8,12000,96000
2025-01-25,Online,Monitor,13,3500,45500
2025-01-25,Online,Teclado,4,800,3200
2025-01-25,Online,Mouse,1,450,450
2025-01-25,Online,Impresora,4,4200,16800
2025-01-25,Online,Disco SSD,2,1500,3000
2025-01-25,Online,Audífonos,7,1200,8400
2025-01-25,Online,Webcam,4,950,3800
2025-01-25,Online,Router,5,900,4500
2025-01-25,Online,Smartwatch,8,5000,40000
2025-01-26,Norte,Laptop,6,18000,108000
2025-01-26,Norte,Tablet,5,7000,35000
2025-01-26,Norte,Smartphone,2,12000,24000
2025-01-26,Norte,Monitor,6,3500,21000
2025-01-26,Norte,Teclado,5,800,4000
2025-01-26,Norte,Mouse,6,450,2700
2025-01-26,Norte,Impresora,3,4200,12600
2025-01-26,Norte,Disco SSD,6,1500,9000
2025-01-26,Norte,Audífonos,6,1200,7200
2025-01-26,Norte,Webcam,4,950,3800
2025-01-26,Norte,Router,7,900,6300
2025-01-26,Norte,Smartwatch,4,5000,20000
2025-01-26,Sur,Laptop,0,18000,0
2025-01-26,Sur,Tablet,9,7000,63000
2025-01-26,Sur,Smartphone,1,12000,12000
2025-01-26,Sur,Monitor,6,3500,21000
2025-01-26,Sur,Teclado,4,800,3200
2025-01-26,Sur,Mouse,5,450,2250
2025-01-26,Sur,Impresora,6,4200,25200
2025-01-26,Sur,Disco SSD,8,1500,12000
2025-01-26,Sur,Audífonos,4,1200,4800
2025-01-26,Sur,Webcam,5,950,4750
2025-01-26,Sur,Router,10,900,9000
2025-01-26,Sur,Smartwatch,5,5000,25000
2025-01-26,Centro,Laptop,7,18000,126000
2025-01-26,Centro,Tablet,6,7000,42000
2025-01-26,Centro,Smartphone,4,12000,48000
2025-01-26,Centro,Monitor,3,3500,10500
2025-01-26,Centro,Teclado,5,800,4000
2025-01-26,Centro,Mouse,4,450,1800
2025-01-26,Centro,Impresora,4,4200,16800
2025-01-26,Centro,Disco SSD,5,1500,7500
2025-01-26,Centro,Audífonos,2,1200,2400
2025-01-26,Centro,Webcam,7,950,6650
2025-01-26,Centro,Router,3,900,2700
2025-01-26,Centro,Smartwatch,5,5000,25000
2025-01-26,Oriente,Laptop,6,18000,108000
2025-01-26,Oriente,Tablet,8,7000,56000
2025-01-26,Oriente,Smartphone,5,12000,60000
2025-01-26,Oriente,Monitor,3,3500,10500
2025-01-26,Oriente,Teclado,3,800,2400
2025-01-26,Oriente,Mouse,5,450,2250
2025-01-26,Oriente,Impresora,7,4200,29400
2025-01-26,Oriente,Disco SSD,5,1500,7500
2025-01-26,Oriente,Audífonos,5,1200,6000
2025-01-26,Oriente,Webcam,10,950,9500
2025-01-26,Oriente,Router,2,900,1800
2025-01-26,Oriente,Smartwatch,6,5000,30000
2025-01-26,Poniente,Laptop,7,18000,126000
2025-01-26,Poniente,Tablet,4,7000,28000
2025-01-26,Poniente,Smartphone,11,12000,132000
2025-01-26,Poniente,Monitor,5,3500,17500
2025-01-26,Poniente,Teclado,4,800,3200
2025-01-26,Poniente,Mouse,1,450,450
2025-01-26,Poniente,Impresora,11,4200,46200
2025-01-26,Poniente,Disco SSD,3,1500,4500
2025-01-26,Poniente,Audífonos,2,1200,2400
2025-01-26,Poniente,Webcam,7,950,6650
2025-01-26,Poniente,Router,5,900,4500
2025-01-26,Poniente,Smartwatch,1,5000,5000
2025-01-26,Online,Laptop,6,18000,108000
2025-01-26,Online,Tablet,4,7000,28000
2025-01-26,Online,Smartphone,9,12000,108000
2025-01-26,Online,Monitor,4,3500,14000
2025-01-26,Online,Teclado,9,800,7200
2025-01-26,Online,Mouse,5,450,2250
2025-01-26,Online,Impresora,2,4200,8400
2025-01-26,Online,Disco SSD,8,1500,12000
2025-01-26,Online,Audífonos,2,1200,2400
2025-01-26,Online,Webcam,7,950,6650
2025-01-26,Online,Router,9,900,8100
2025-01-26,Online,Smartwatch,3,5000,15000
2025-01-27,Norte,Laptop,3,18000,54000
2025-01-27,Norte,Tablet,6,7000,42000
2025-01-27,Norte,Smartphone,7,12000,84000
2025-01-27,Norte,Monitor,2,3500,7000
2025-01-27,Norte,Teclado,9,800,7200
2025-01-27,Norte,Mouse,5,450,2250
2025-01-27,Norte,Impresora,5,4200,21000
2025-01-27,Norte,Disco SSD,3,1500,4500
2025-01-27,Norte,Audífonos,6,1200,7200
2025-01-27,Norte,Webcam,6,950,5700
2025-01-27,Norte,Router,4,900,3600
2025-01-27,Norte,Smartwatch,6,5000,30000
2025-01-27,Sur,Laptop,8,18000,144000
2025-01-27,Sur,Tablet,4,7000,28000
2025-01-27,Sur,Smartphone,6,12000,72000
2025-01-27,Sur,Monitor,4,3500,14000
2025-01-27,Sur,Teclado,9,800,7200
2025-01-27,Sur,Mouse,5,450,2250
2025-01-27,Sur,Impresora,7,4200,29400
2025-01-27,Sur,Disco SSD,2,1500,3000
2025-01-27,Sur,Audífonos,4,1200,4800
2025-01-27,Sur,Webcam,4,950,3800
2025-01-27,Sur,Router,7,900,6300
2025-01-27,Sur,Smartwatch,3,5000,15000
2025-01-27,Centro,Laptop,4,18000,72000
2025-01-27,Centro,Tablet,3,7000,21000
2025-01-27,Centro,Smartphone,3,12000,36000
2025-01-27,Centro,Monitor,2,3500,7000
2025-01-27,Centro,Teclado,10,800,8000
2025-01-27,Centro,Mouse,3,450,1350
2025-01-27,Centro,Impresora,2,4200,8400
2025-01-27,Centro,Disco SSD,6,1500,9000
2025-01-27,Centro,Audífonos,4,1200,4800
2025-01-27,Centro,Webcam,6,950,5700
2025-01-27,Centro,Router,2,900,1800
2025-01-27,Centro,Smartwatch,4,5000,20000
2025-01-27,Oriente,Laptop,9,18000,162000
2025-01-27,Oriente,Tablet,10,7000,70000
2025-01-27,Oriente,Smartphone,5,12000,60000
2025-01-27,Oriente,Monitor,2,3500,7000
2025-01-27,Oriente,Teclado,3,800,2400
2025-01-27,Oriente,Mouse,7,450,3150
2025-01-27,Oriente,Impresora,6,4200,25200
2025-01-27,Oriente,Disco SSD,4,1500,6000
2025-01-27,Oriente,Audífonos,2,1200,2400
2025-01-27,Oriente,Webcam,7,950,6650
2025-01-27,Oriente,Router,6,900,5400
2025-01-27,Oriente,Smartwatch,7,5000,35000
2025-01-27,Poniente,Laptop,7,18000,126000
2025-01-27,Poniente,Tablet,3,7000,21000
2025-01-27,Poniente,Smartphone,3,12000,36000
2025-01-27,Poniente,Monitor,4,3500,14000
2025-01-27,Poniente,Teclado,5,800,4000
2025-01-27,Poniente,Mouse,2,450,900
2025-01-27,Poniente,Impresora,4,4200,16800
2025-01-27,Poniente,Disco SSD,7,1500,10500
2025-01-27,Poniente,Audífonos,5,1200,6000
2025-01-27,Poniente,Webcam,6,950,5700
2025-01-27,Poniente,Router,4,900,3600
2025-01-27,Poniente,Smartwatch,9,5000,45000
2025-01-27,Online,Laptop,2,18000,36000
2025-01-27,Online,Tablet,6,7000,42000
2025-01-27,Online,Smartphone,4,12000,48000
2025-01-27,Online,Monitor,3,3500,10500
2025-01-27,Online,Teclado,6,800,4800
2025-01-27,Online,Mouse,7,450,3150
2025-01-27,Online,Impresora,8,4200,33600
2025-01-27,Online,Disco SSD,9,1500,13500
2025-01-27,Online,Audífonos,5,1200,6000
2025-01-27,Online,Webcam,4,950,3800
2025-01-27,Online,Router,3,900,2700
2025-01-27,Online,Smartwatch,7,5000,35000
2025-01-28,Norte,Laptop,4,18000,72000
2025-01-28,Norte,Tablet,8,7000,56000
2025-01-28,Norte,Smartphone,8,12000,96000
2025-01-28,Norte,Monitor,1,3500,3500
2025-01-28,Norte,Teclado,5,800,4000
2025-01-28,Norte,Mouse,4,450,1800
2025-01-28,Norte,Impresora,3,4200,12600
2025-01-28,Norte,Disco SSD,2,1500,3000
2025-01-28,Norte,Audífonos,8,1200,9600
2025-01-28,Norte,Webcam,8,950,7600
2025-01-28,Norte,Router,3,900,2700
2025-01-28,Norte,Smartwatch,4,5000,20000
2025-01-28,Sur,Laptop,12,18000,216000
2025-01-28,Sur,Tablet,3,7000,21000
2025-01-28,Sur,Smartphone,3,12000,36000
2025-01-28,Sur,Monitor,4,3500,14000
2025-01-28,Sur,Teclado,3,800,2400
2025-01-28,Sur,Mouse,4,450,1800
2025-01-28,Sur,Impresora,6,4200,25200
2025-01-28,Sur,Disco SSD,4,1500,6000
2025-01-28,Sur,Audífonos,3,1200,3600
2025-01-28,Sur,Webcam,8,950,7600
2025-01-28,Sur,Router,2,900,1800
2025-01-28,Sur,Smartwatch,3,5000,15000
2025-01-28,Centro,Laptop,7,18000,126000
2025-01-28,Centro,Tablet,3,7000,21000
2025-01-28,Centro,Smartphone,7,12000,84000
2025-01-28,Centro,Monitor,5,3500,17500
2025-01-28,Centro,Teclado,2,800,1600
2025-01-28,Centro,Mouse,9,450,4050
2025-01-28,Centro,Impresora,4,4200,16800
2025-01-28,Centro,Disco SSD,3,1500,4500
2025-01-28,Centro,Audífonos,1,1200,1200
2025-01-28,Centro,Webcam,2,950,1900
2025-01-28,Centro,Router,6,900,5400
2025-01-28,Centro,Smartwatch,10,5000,50000
2025-01-28,Oriente,Laptop,6,18000,108000
2025-01-28,Oriente,Tablet,6,7000,42000
2025-01-28,Oriente,Smartphone,2,12000,24000
2025-01-28,Oriente,Monitor,4,3500,14000
2025-01-28,Oriente,Teclado,5,800,4000
2025-01-28,Oriente,Mouse,8,450,3600
2025-01-28,Oriente,Impresora,5,4200,21000
2025-01-28,Oriente,Disco SSD,3,1500,4500
2025-01-28,Oriente,Audífonos,1,1200,1200
2025-01-28,Oriente,Webcam,7,950,6650
2025-01-28,Oriente,Router,7,900,6300
2025-01-28,Oriente,Smartwatch,4,5000,20000
2025-01-28,Poniente,Laptop,4,18000,72000
2025-01-28,Poniente,Tablet,4,7000,28000
2025-01-28,Poniente,Smartphone,9,12000,108000
2025-01-28,Poniente,Monitor,1,3500,3500
2025-01-28,Poniente,Teclado,3,800,2400
2025-01-28,Poniente,Mouse,4,450,1800
2025-01-28,Poniente,Impresora,3,4200,12600
2025-01-28,Poniente,Disco SSD,3,1500,4500
2025-01-28,Poniente,Audífonos,8,1200,9600
2025-01-28,Poniente,Webcam,11,950,10450
2025-01-28,Poniente,Router,4,900,3600
2025-01-28,Poniente,Smartwatch,2,5000,10000
2025-01-28,Online,Laptop,3,18000,54000
2025-01-28,Online,Tablet,4,7000,28000
2025-01-28,Online,Smartphone,2,12000,24000
2025-01-28,Online,Monitor,7,3500,24500
2025-01-28,Online,Teclado,2,800,1600
2025-01-28,Online,Mouse,11,450,4950
2025-01-28,Online,Impresora,5,4200,21000
2025-01-28,Online,Disco SSD,5,1500,7500
2025-01-28,Online,Audífonos,4,1200,4800
2025-01-28,Online,Webcam,4,950,3800
2025-01-28,Online,Router,4,900,3600
2025-01-28,Online,Smartwatch,3,5000,15000
2025-01-29,Norte,Laptop,5,18000,90000
2025-01-29,Norte,Tablet,9,7000,63000
2025-01-29,Norte,Smartphone,5,12000,60000
2025-01-29,Norte,Monitor,2,3500,7000
2025-01-29,Norte,Teclado,6,800,4800
2025-01-29,Norte,Mouse,7,450,3150
2025-01-29,Norte,Impresora,5,4200,21000
2025-01-29,Norte,Disco SSD,7,1500,10500
2025-01-29,Norte,Audífonos,7,1200,8400
2025-01-29,Norte,Webcam,8,950,7600
2025-01-29,Norte,Router,7,900,6300
2025-01-29,Norte,Smartwatch,3,5000,15000
2025-01-29,Sur,Laptop,4,18000,72000
2025-01-29,Sur,Tablet,4,7000,28000
2025-01-29,Sur,Smartphone,3,12000,36000
2025-01-29,Sur,Monitor,7,3500,24500
2025-01-29,Sur,Teclado,7,800,5600
2025-01-29,Sur,Mouse,3,450,1350
2025-01-29,Sur,Impresora,7,4200,29400
2025-01-29,Sur,Disco SSD,8,1500,12000
2025-01-29,Sur,Audífonos,3,1200,3600
2025-01-29,Sur,Webcam,4,950,3800
2025-01-29,Sur,Router,7,900,6300
2025-01-29,Sur,Smartwatch,1,5000,5000
2025-01-29,Centro,Laptop,4,18000,72000
2025-01-29,Centro,Tablet,2,7000,14000
2025-01-29,Centro,Smartphone,2,12000,24000
2025-01-29,Centro,Monitor,5,3500,17500
2025-01-29,Centro,Teclado,6,800,4800
2025-01-29,Centro,Mouse,5,450,2250
2025-01-29,Centro,Impresora,4,4200,16800
2025-01-29,Centro,Disco SSD,5,1500,7500
2025-01-29,Centro,Audífonos,7,1200,8400
2025-01-29,Centro,Webcam,4,950,3800
2025-01-29,Centro,Router,2,900,1800
2025-01-29,Centro,Smartwatch,9,5000,45000
2025-01-29,Oriente,Laptop,4,18000,72000
2025-01-29,Oriente,Tablet,3,7000,21000
2025-01-29,Oriente,Smartphone,4,12000,48000
2025-01-29,Oriente,Monitor,4,3500,14000
2025-01-29,Oriente,Teclado,6,800,4800
2025-01-29,Oriente,Mouse,4,450,1800
2025-01-29,Oriente,Impresora,6,4200,25200
2025-01-29,Oriente,Disco SSD,9,1500,13500
2025-01-29,Oriente,Audífonos,3,1200,3600
2025-01-29,Oriente,Webcam,3,950,2850
2025-01-29,Oriente,Router,8,900,7200
2025-01-29,Oriente,Smartwatch,6,5000,30000
2025-01-29,Poniente,Laptop,1,18000,18000
2025-01-29,Poniente,Tablet,7,7000,49000
2025-01-29,Poniente,Smartphone,5,12000,60000
2025-01-29,Poniente,Monitor,7,3500,24500
2025-01-29,Poniente,Teclado,5,800,4000
2025-01-29,Poniente,Mouse,2,450,900
2025-01-29,Poniente,Impresora,6,4200,25200
2025-01-29,Poniente,Disco SSD,7,1500,10500
2025-01-29,Poniente,Audífonos,5,1200,6000
2025-01-29,Poniente,Webcam,6,950,5700
2025-01-29,Poniente,Router,5,900,4500
2025-01-29,Poniente,Smartwatch,6,5000,30000
2025-01-29,Online,Laptop,3,18000,54000
2025-01-29,Online,Tablet,4,7000,28000
2025-01-29,Online,Smartphone,5,12000,60000
2025-01-29,Online,Monitor,8,3500,28000
2025-01-29,Online,Teclado,10,800,8000
2025-01-29,Online,Mouse,5,450,2250
2025-01-29,Online,Impresora,3,4200,12600
2025-01-29,Online,Disco SSD,7,1500,10500
2025-01-29,Online,Audífonos,2,1200,2400
2025-01-29,Online,Webcam,6,950,5700
2025-01-29,Online,Router,6,900,5400
2025-01-29,Online,Smartwatch,6,5000,30000
2025-01-30,Norte,Laptop,5,18000,90000
2025-01-30,Norte,Tablet,0,7000,0
2025-01-30,Norte,Smartphone,6,12000,72000
2025-01-30,Norte,Monitor,4,3500,14000
2025-01-30,Norte,Teclado,6,800,4800
2025-01-30,Norte,Mouse,3,450,1350
2025-01-30,Norte,Impresora,6,4200,25200
2025-01-30,Norte,Disco SSD,3,1500,4500
2025-01-30,Norte,Audífonos,5,1200,6000
2025-01-30,Norte,Webcam,2,950,1900
2025-01-30,Norte,Router,4,900,3600
2025-01-30,Norte,Smartwatch,7,5000,35000
2025-01-30,Sur,Laptop,6,18000,108000
2025-01-30,Sur,Tablet,7,7000,49000
2025-01-30,Sur,Smartphone,6,12000,72000
2025-01-30,Sur,Monitor,2,3500,7000
2025-01-30,Sur,Teclado,0,800,0
2025-01-30,Sur,Mouse,4,450,1800
2025-01-30,Sur,Impresora,5,4200,21000
2025-01-30,Sur,Disco SSD,2,1500,3000
2025-01-30,Sur,Audífonos,3,1200,3600
2025-01-30,Sur,Webcam,6,950,5700
2025-01-30,Sur,Router,9,900,8100
2025-01-30,Sur,Smartwatch,6,5000,30000
2025-01-30,Centro,Laptop,4,18000,72000
2025-01-30,Centro,Tablet,2,7000,14000
2025-01-30,Centro,Smartphone,6,12000,72000
2025-01-30,Centro,Monitor,7,3500,24500
2025-01-30,Centro,Teclado,2,800,1600
2025-01-30,Centro,Mouse,6,450,2700
2025-01-30,Centro,Impresora,8,4200,33600
2025-01-30,Centro,Disco SSD,4,1500,6000
2025-01-30,Centro,Audífonos,6,1200,7200
2025-01-30,Centro,Webcam,6,950,5700
2025-01-30,Centro,Router,1,900,900
2025-01-30,Centro,Smartwatch,7,5000,35000
2025-01-30,Oriente,Laptop,6,18000,108000
2025-01-30,Oriente,Tablet,5,7000,35000
2025-01-30,Oriente,Smartphone,3,12000,36000
2025-01-30,Oriente,Monitor,7,3500,24500
2025-01-30,Oriente,Teclado,4,800,3200
2025-01-30,Oriente,Mouse,2,450,900
2025-01-30,Oriente,Impresora,7,4200,29400
2025-01-30,Oriente,Disco SSD,5,1500,7500
2025-01-30,Oriente,Audífonos,8,1200,9600
2025-01-30,Oriente,Webcam,7,950,6650
2025-01-30,Oriente,Router,5,900,4500
2025-01-30,Oriente,Smartwatch,4,5000,20000
2025-01-30,Poniente,Laptop,3,18000,54000
2025-01-30,Poniente,Tablet,9,7000,63000
2025-01-30,Poniente,Smartphone,4,12000,48000
2025-01-30,Poniente,Monitor,8,3500,28000
2025-01-30,Poniente,Teclado,4,800,3200
2025-01-30,Poniente,Mouse,2,450,900
2025-01-30,Poniente,Impresora,2,4200,8400
2025-01-30,Poniente,Disco SSD,5,1500,7500
2025-01-30,Poniente,Audífonos,8,1200,9600
2025-01-30,Poniente,Webcam,5,950,4750
2025-01-30,Poniente,Router,6,900,5400
2025-01-30,Poniente,Smartwatch,3,5000,15000
2025-01-30,Online,Laptop,5,18000,90000
2025-01-30,Online,Tablet,8,7000,56000
2025-01-30,Online,Smartphone,4,12000,48000
2025-01-30,Online,Monitor,5,3500,17500
2025-01-30,Online,Teclado,1,800,800
2025-01-30,Online,Mouse,5,450,2250
2025-01-30,Online,Impresora,6,4200,25200
2025-01-30,Online,Disco SSD,3,1500,4500
2025-01-30,Online,Audífonos,6,1200,7200
2025-01-30,Online,Webcam,5,950,4750
2025-01-30,Online,Router,5,900,4500
2025-01-30,Online,Smartwatch,6,5000,30000
2025-01-31,Norte,Laptop,6,18000,108000
2025-01-31,Norte,Tablet,7,7000,49000
2025-01-31,Norte,Smartphone,6,12000,72000
2025-01-31,Norte,Monitor,5,3500,17500
2025-01-31,Norte,Teclado,6,800,4800
2025-01-31,Norte,Mouse,6,450,2700
2025-01-31,Norte,Impresora,5,4200,21000
2025-01-31,Norte,Disco SSD,10,1500,15000
2025-01-31,Norte,Audífonos,4,1200,4800
2025-01-31,Norte,Webcam,8,950,7600
2025-01-31,Norte,Router,6,900,5400
2025-01-31,Norte,Smartwatch,4,5000,20000
2025-01-31,Sur,Laptop,5,18000,90000
2025-01-31,Sur,Tablet,4,7000,28000
2025-01-31,Sur,Smartphone,6,12000,72000
2025-01-31,Sur,Monitor,2,3500,7000
2025-01-31,Sur,Teclado,2,800,1600
2025-01-31,Sur,Mouse,9,450,4050
2025-01-31,Sur,Impresora,1,4200,4200
2025-01-31,Sur,Disco SSD,3,1500,4500
2025-01-31,Sur,Audífonos,4,1200,4800
2025-01-31,Sur,Webcam,3,950,2850
2025-01-31,Sur,Router,2,900,1800
2025-01-31,Sur,Smartwatch,6,5000,30000
2025-01-31,Centro,Laptop,2,18000,36000
2025-01-31,Centro,Tablet,7,7000,49000
2025-01-31,Centro,Smartphone,10,12000,120000
2025-01-31,Centro,Monitor,1,3500,3500
2025-01-31,Centro,Teclado,2,800,1600
2025-01-31,Centro,Mouse,4,450,1800
2025-01-31,Centro,Impresora,4,4200,16800
2025-01-31,Centro,Disco SSD,8,1500,12000
2025-01-31,Centro,Audífonos,6,1200,7200
2025-01-31,Centro,Webcam,2,950,1900
2025-01-31,Centro,Router,6,900,5400
2025-01-31,Centro,Smartwatch,8,5000,40000
2025-01-31,Oriente,Laptop,8,18000,144000
2025-01-31,Oriente,Tablet,2,7000,14000
2025-01-31,Oriente,Smartphone,5,12000,60000
2025-01-31,Oriente,Monitor,4,3500,14000
2025-01-31,Oriente,Teclado,3,800,2400
2025-01-31,Oriente,Mouse,8,450,3600
2025-01-31,Oriente,Impresora,3,4200,12600
2025-01-31,Oriente,Disco SSD,7,1500,10500
2025-01-31,Oriente,Audífonos,2,1200,2400
2025-01-31,Oriente,Webcam,1,950,950
2025-01-31,Oriente,Router,5,900,4500
2025-01-31,Oriente,Smartwatch,4,5000,20000
2025-01-31,Poniente,Laptop,4,18000,72000
2025-01-31,Poniente,Tablet,4,7000,28000
2025-01-31,Poniente,Smartphone,3,12000,36000
2025-01-31,Poniente,Monitor,0,3500,0
2025-01-31,Poniente,Teclado,2,800,1600
2025-01-31,Poniente,Mouse,3,450,1350
2025-01-31,Poniente,Impresora,4,4200,16800
2025-01-31,Poniente,Disco SSD,2,1500,3000
2025-01-31,Poniente,Audífonos,6,1200,7200
2025-01-31,Poniente,Webcam,5,950,4750
2025-01-31,Poniente,Router,1,900,900
2025-01-31,Poniente,Smartwatch,8,5000,40000
2025-01-31,Online,Laptop,6,18000,108000
2025-01-31,Online,Tablet,1,7000,7000
2025-01-31,Online,Smartphone,9,12000,108000
2025-01-31,Online,Monitor,3,3500,10500
2025-01-31,Online,Teclado,9,800,7200
2025-01-31,Online,Mouse,4,450,1800
2025-01-31,Online,Impresora,3,4200,12600
2025-01-31,Online,Disco SSD,7,1500,10500
2025-01-31,Online,Audífonos,5,1200,6000
2025-01-31,Online,Webcam,6,950,5700
2025-01-31,Online,Router,3,900,2700
2025-01-31,Online,Smartwatch,7,5000,35000
2025-02-01,Norte,Laptop,5,18000,90000
2025-02-01,Norte,Tablet,8,7000,56000
2025-02-01,Norte,Smartphone,7,12000,84000
2025-02-01,Norte,Monitor,3,3500,10500
2025-02-01,Norte,Teclado,5,800,4000
2025-02-01,Norte,Mouse,9,450,4050
2025-02-01,Norte,Impresora,5,4200,21000
2025-02-01,Norte,Disco SSD,6,1500,9000
2025-02-01,Norte,Audífonos,4,1200,4800
2025-02-01,Norte,Webcam,6,950,5700
2025-02-01,Norte,Router,6,900,5400
2025-02-01,Norte,Smartwatch,5,5000,25000
2025-02-01,Sur,Laptop,6,18000,108000
2025-02-01,Sur,Tablet,4,7000,28000
2025-02-01,Sur,Smartphone,4,12000,48000
2025-02-01,Sur,Monitor,7,3500,24500
2025-02-01,Sur,Teclado,7,800,5600
2025-02-01,Sur,Mouse,5,450,2250
2025-02-01,Sur,Impresora,3,4200,12600
2025-02-01,Sur,Disco SSD,3,1500,4500
2025-02-01,Sur,Audífonos,3,1200,3600
2025-02-01,Sur,Webcam,2,950,1900
2025-02-01,Sur,Router,6,900,5400
2025-02-01,Sur,Smartwatch,3,5000,15000
2025-02-01,Centro,Laptop,3,18000,54000
2025-02-01,Centro,Tablet,11,7000,77000
2025-02-01,Centro,Smartphone,4,12000,48000
2025-02-01,Centro,Monitor,10,3500,35000
2025-02-01,Centro,Teclado,8,800,6400
2025-02-01,Centro,Mouse,3,450,1350
2025-02-01,Centro,Impresora,7,4200,29400
2025-02-01,Centro,Disco SSD,5,1500,7500
2025-02-01,Centro,Audífonos,3,1200,3600
2025-02-01,Centro,Webcam,5,950,4750
2025-02-01,Centro,Router,6,900,5400
2025-02-01,Centro,Smartwatch,5,5000,25000
2025-02-01,Oriente,Laptop,5,18000,90000
2025-02-01,Oriente,Tablet,2,7000,14000
2025-02-01,Oriente,Smartphone,6,12000,72000
2025-02-01,Oriente,Monitor,5,3500,17500
2025-02-01,Oriente,Teclado,4,800,3200
2025-02-01,Oriente,Mouse,7,450,3150
2025-02-01,Oriente,Impresora,5,4200,21000
2025-02-01,Oriente,Disco SSD,6,1500,9000
2025-02-01,Oriente,Audífonos,6,1200,7200
2025-02-01,Oriente,Webcam,6,950,5700
2025-02-01,Oriente,Router,3,900,2700
2025-02-01,Oriente,Smartwatch,5,5000,25000
2025-02-01,Poniente,Laptop,4,18000,72000
2025-02-01,Poniente,Tablet,8,7000,56000
2025-02-01,Poniente,Smartphone,3,12000,36000
2025-02-01,Poniente,Monitor,2,3500,7000
2025-02-01,Poniente,Teclado,1,800,800
2025-02-01,Poniente,Mouse,7,450,3150
2025-02-01,Poniente,Impresora,3,4200,12600
2025-02-01,Poniente,Disco SSD,2,1500,3000
2025-02-01,Poniente,Audífonos,4,1200,4800
2025-02-01,Poniente,Webcam,6,950,5700
2025-02-01,Poniente,Router,2,900,1800
2025-02-01,Poniente,Smartwatch,7,5000,35000
2025-02-01,Online,Laptop,4,18000,72000
2025-02-01,Online,Tablet,10,7000,70000
2025-02-01,Online,Smartphone,8,12000,96000
2025-02-01,Online,Monitor,6,3500,21000
2025-02-01,Online,Teclado,7,800,5600
2025-02-01,Online,Mouse,3,450,1350
2025-02-01,Online,Impresora,4,4200,16800
2025-02-01,Online,Disco SSD,8,1500,12000
2025-02-01,Online,Audífonos,5,1200,6000
2025-02-01,Online,Webcam,4,950,3800
2025-02-01,Online,Router,4,900,3600
2025-02-01,Online,Smartwatch,5,5000,25000
2025-02-02,Norte,Laptop,5,18000,90000
2025-02-02,Norte,Tablet,4,7000,28000
2025-02-02,Norte,Smartphone,3,12000,36000
2025-02-02,Norte,Monitor,6,3500,21000
2025-02-02,Norte,Teclado,8,800,6400
2025-02-02,Norte,Mouse,5,450,2250
2025-02-02,Norte,Impresora,5,4200,21000
2025-02-02,Norte,Disco SSD,3,1500,4500
2025-02-02,Norte,Audífonos,5,1200,6000
2025-02-02,Norte,Webcam,5,950,4750
2025-02-02,Norte,Router,10,900,9000
2025-02-02,Norte,Smartwatch,4,5000,20000
2025-02-02,Sur,Laptop,4,18000,72000
2025-02-02,Sur,Tablet,9,7000,63000
2025-02-02,Sur,Smartphone,5,12000,60000
2025-02-02,Sur,Monitor,4,3500,14000
2025-02-02,Sur,Teclado,2,800,1600
2025-02-02,Sur,Mouse,4,450,1800
2025-02-02,Sur,Impresora,4,4200,16800
2025-02-02,Sur,Disco SSD,5,1500,7500
2025-02-02,Sur,Audífonos,2,1200,2400
2025-02-02,Sur,Webcam,8,950,7600
2025-02-02,Sur,Router,3,900,2700
2025-02-02,Sur,Smartwatch,5,5000,25000
2025-02-02,Centro,Laptop,4,18000,72000
2025-02-02,Centro,Tablet,5,7000,35000
2025-02-02,Centro,Smartphone,7,12000,84000
2025-02-02,Centro,Monitor,6,3500,21000
2025-02-02,Centro,Teclado,7,800,5600
2025-02-02,Centro,Mouse,3,450,1350
2025-02-02,Centro,Impresora,8,4200,33600
2025-02-02,Centro,Disco SSD,3,1500,4500
2025-02-02,Centro,Audífonos,6,1200,7200
2025-02-02,Centro,Webcam,6,950,5700
2025-02-02,Centro,Router,6,900,5400
2025-02-02,Centro,Smartwatch,3,5000,15000
2025-02-02,Oriente,Laptop,1,18000,18000
2025-02-02,Oriente,Tablet,6,7000,42000
2025-02-02,Oriente,Smartphone,5,12000,60000
2025-02-02,Oriente,Monitor,2,3500,7000
2025-02-02,Oriente,Teclado,4,800,3200
2025-02-02,Oriente,Mouse,10,450,4500
2025-02-02,Oriente,Impresora,3,4200,12600
2025-02-02,Oriente,Disco SSD,11,1500,16500
2025-02-02,Oriente,Audífonos,2,1200,2400
2025-02-02,Oriente,Webcam,3,950,2850
2025-02-02,Oriente,Router,3,900,2700
2025-02-02,Oriente,Smartwatch,2,5000,10000
2025-02-02,Poniente,Laptop,3,18000,54000
2025-02-02,Poniente,Tablet,6,7000,42000
2025-02-02,Poniente,Smartphone,6,12000,72000
2025-02-02,Poniente,Monitor,7,3500,24500
2025-02-02,Poniente,Teclado,3,800,2400
2025-02-02,Poniente,Mouse,5,450,2250
2025-02-02,Poniente,Impresora,2,4200,8400
2025-02-02,Poniente,Disco SSD,5,1500,7500
2025-02-02,Poniente,Audífonos,4,1200,4800
2025-02-02,Poniente,Webcam,1,950,950
2025-02-02,Poniente,Router,3,900,2700
2025-02-02,Poniente,Smartwatch,3,5000,15000
2025-02-02,Online,Laptop,8,18000,144000
2025-02-02,Online,Tablet,10,7000,70000
2025-02-02,Online,Smartphone,4,12000,48000
2025-02-02,Online,Monitor,5,3500,17500
2025-02-02,Online,Teclado,6,800,4800
2025-02-02,Online,Mouse,3,450,1350
2025-02-02,Online,Impresora,11,4200,46200
2025-02-02,Online,Disco SSD,5,1500,7500
2025-02-02,Online,Audífonos,5,1200,6000
2025-02-02,Online,Webcam,3,950,2850
2025-02-02,Online,Router,7,900,6300
2025-02-02,Online,Smartwatch,2,5000,10000
2025-02-03,Norte,Laptop,5,18000,90000
2025-02-03,Norte,Tablet,4,7000,28000
2025-02-03,Norte,Smartphone,6,12000,72000
2025-02-03,Norte,Monitor,4,3500,14000
2025-02-03,Norte,Teclado,5,800,4000
2025-02-03,Norte,Mouse,3,450,1350
2025-02-03,Norte,Impresora,5,4200,21000
2025-02-03,Norte,Disco SSD,6,1500,9000
2025-02-03,Norte,Audífonos,3,1200,3600
2025-02-03,Norte,Webcam,7,950,6650
2025-02-03,Norte,Router,4,900,3600
2025-02-03,Norte,Smartwatch,2,5000,10000
2025-02-03,Sur,Laptop,12,18000,216000
2025-02-03,Sur,Tablet,4,7000,28000
2025-02-03,Sur,Smartphone,2,12000,24000
2025-02-03,Sur,Monitor,7,3500,24500
2025-02-03,Sur,Teclado,1,800,800
2025-02-03,Sur,Mouse,0,450,0
2025-02-03,Sur,Impresora,3,4200,12600
2025-02-03,Sur,Disco SSD,10,1500,15000
2025-02-03,Sur,Audífonos,2,1200,2400
2025-02-03,Sur,Webcam,9,950,8550
2025-02-03,Sur,Router,3,900,2700
2025-02-03,Sur,Smartwatch,6,5000,30000
2025-02-03,Centro,Laptop,5,18000,90000
2025-02-03,Centro,Tablet,3,7000,21000
2025-02-03,Centro,Smartphone,8,12000,96000
2025-02-03,Centro,Monitor,4,3500,14000
2025-02-03,Centro,Teclado,5,800,4000
2025-02-03,Centro,Mouse,4,450,1800
2025-02-03,Centro,Impresora,4,4200,16800
2025-02-03,Centro,Disco SSD,3,1500,4500
2025-02-03,Centro,Audífonos,5,1200,6000
2025-02-03,Centro,Webcam,3,950,2850
2025-02-03,Centro,Router,7,900,6300
2025-02-03,Centro,Smartwatch,2,5000,10000
2025-02-03,Oriente,Laptop,7,18000,126000
2025-02-03,Oriente,Tablet,4,7000,28000
2025-02-03,Oriente,Smartphone,3,12000,36000
2025-02-03,Oriente,Monitor,3,3500,10500
2025-02-03,Oriente,Teclado,8,800,6400
2025-02-03,Oriente,Mouse,10,450,4500
2025-02-03,Oriente,Impresora,5,4200,21000
2025-02-03,Oriente,Disco SSD,8,1500,12000
2025-02-03,Oriente,Audífonos,1,1200,1200
2025-02-03,Oriente,Webcam,6,950,5700
2025-02-03,Oriente,Router,2,900,1800
2025-02-03,Oriente,Smartwatch,4,5000,20000
2025-02-03,Poniente,Laptop,4,18000,72000
2025-02-03,Poniente,Tablet,8,7000,56000
2025-02-03,Poniente,Smartphone,7,12000,84000
2025-02-03,Poniente,Monitor,4,3500,14000
2025-02-03,Poniente,Teclado,7,800,5600
2025-02-03,Poniente,Mouse,5,450,2250
2025-02-03,Poniente,Impresora,7,4200,29400
2025-02-03,Poniente,Disco SSD,3,1500,4500
2025-02-03,Poniente,Audífonos,4,1200,4800
2025-02-03,Poniente,Webcam,8,950,7600
2025-02-03,Poniente,Router,7,900,6300
2025-02-03,Poniente,Smartwatch,2,5000,10000
2025-02-03,Online,Laptop,2,18000,36000
2025-02-03,Online,Tablet,6,7000,42000
2025-02-03,Online,Smartphone,8,12000,96000
2025-02-03,Online,Monitor,4,3500,14000
2025-02-03,Online,Teclado,6,800,4800
2025-02-03,Online,Mouse,8,450,3600
2025-02-03,Online,Impresora,6,4200,25200
2025-02-03,Online,Disco SSD,4,1500,6000
2025-02-03,Online,Audífonos,6,1200,7200
2025-02-03,Online,Webcam,6,950,5700
2025-02-03,Online,Router,4,900,3600
2025-02-03,Online,Smartwatch,4,5000,20000
2025-02-04,Norte,Laptop,5,18000,90000
2025-02-04,Norte,Tablet,9,7000,63000
2025-02-04,Norte,Smartphone,5,12000,60000
2025-02-04,Norte,Monitor,6,3500,21000
2025-02-04,Norte,Teclado,9,800,7200
2025-02-04,Norte,Mouse,3,450,1350
2025-02-04,Norte,Impresora,10,4200,42000
2025-02-04,Norte,Disco SSD,7,1500,10500
2025-02-04,Norte,Audífonos,6,1200,7200
2025-02-04,Norte,Webcam,5,950,4750
2025-02-04,Norte,Router,5,900,4500
2025-02-04,Norte,Smartwatch,9,5000,45000
2025-02-04,Sur,Laptop,7,18000,126000
2025-02-04,Sur,Tablet,7,7000,49000
2025-02-04,Sur,Smartphone,5,12000,60000
2025-02-04,Sur,Monitor,2,3500,7000
2025-02-04,Sur,Teclado,5,800,4000
2025-02-04,Sur,Mouse,4,450,1800
2025-02-04,Sur,Impresora,7,4200,29400
2025-02-04,Sur,Disco SSD,3,1500,4500
2025-02-04,Sur,Audífonos,3,1200,3600
2025-02-04,Sur,Webcam,6,950,5700
2025-02-04,Sur,Router,3,900,2700
2025-02-04,Sur,Smartwatch,5,5000,25000
2025-02-04,Centro,Laptop,3,18000,54000
2025-02-04,Centro,Tablet,8,7000,56000
2025-02-04,Centro,Smartphone,3,12000,36000
2025-02-04,Centro,Monitor,7,3500,24500
2025-02-04,Centro,Teclado,5,800,4000
2025-02-04,Centro,Mouse,6,450,2700
2025-02-04,Centro,Impresora,4,4200,16800
2025-02-04,Centro,Disco SSD,6,1500,9000
2025-02-04,Centro,Audífonos,7,1200,8400
2025-02-04,Centro,Webcam,10,950,9500
2025-02-04,Centro,Router,7,900,6300
2025-02-04,Centro,Smartwatch,6,5000,30000
2025-02-04,Oriente,Laptop,4,18000,72000
2025-02-04,Oriente,Tablet,6,7000,42000
2025-02-04,Oriente,Smartphone,2,12000,24000
2025-02-04,Oriente,Monitor,2,3500,7000
2025-02-04,Oriente,Teclado,3,800,2400
2025-02-04,Oriente,Mouse,9,450,4050
2025-02-04,Oriente,Impresora,4,4200,16800
2025-02-04,Oriente,Disco SSD,7,1500,10500
2025-02-04,Oriente,Audífonos,8,1200,9600
2025-02-04,Oriente,Webcam,6,950,5700
2025-02-04,Oriente,Router,3,900,2700
2025-02-04,Oriente,Smartwatch,6,5000,30000
2025-02-04,Poniente,Laptop,3,18000,54000
2025-02-04,Poniente,Tablet,7,7000,49000
2025-02-04,Poniente,Smartphone,6,12000,72000
2025-02-04,Poniente,Monitor,2,3500,7000
2025-02-04,Poniente,Teclado,1,800,800
2025-02-04,Poniente,Mouse,2,450,900
2025-02-04,Poniente,Impresora,5,4200,21000
2025-02-04,Poniente,Disco SSD,4,1500,6000
2025-02-04,Poniente,Audífonos,5,1200,6000
2025-02-04,Poniente,Webcam,8,950,7600
2025-02-04,Poniente,Router,4,900,3600
2025-02-04,Poniente,Smartwatch,6,5000,30000
2025-02-04,Online,Laptop,3,18000,54000
2025-02-04,Online,Tablet,4,7000,28000
2025-02-04,Online,Smartphone,8,12000,96000
2025-02-04,Online,Monitor,5,3500,17500
2025-02-04,Online,Teclado,7,800,5600
2025-02-04,Online,Mouse,2,450,900
2025-02-04,Online,Impresora,5,4200,21000
2025-02-04,Online,Disco SSD,10,1500,15000
2025-02-04,Online,Audífonos,4,1200,4800
2025-02-04,Online,Webcam,5,950,4750
2025-02-04,Online,Router,3,900,2700
2025-02-04,Online,Smartwatch,3,5000,15000
2025-02-05,Norte,Laptop,8,18000,144000
2025-02-05,Norte,Tablet,3,7000,21000
2025-02-05,Norte,Smartphone,7,12000,84000
2025-02-05,Norte,Monitor,8,3500,28000
2025-02-05,Norte,Teclado,4,800,3200
2025-02-05,Norte,Mouse,5,450,2250
2025-02-05,Norte,Impresora,6,4200,25200
2025-02-05,Norte,Disco SSD,1,1500,1500
2025-02-05,Norte,Audífonos,2,1200,2400
2025-02-05,Norte,Webcam,3,950,2850
2025-02-05,Norte,Router,4,900,3600
2025-02-05,Norte,Smartwatch,4,5000,20000
2025-02-05,Sur,Laptop,4,18000,72000
2025-02-05,Sur,Tablet,3,7000,21000
2025-02-05,Sur,Smartphone,5,12000,60000
2025-02-05,Sur,Monitor,5,3500,17500
2025-02-05,Sur,Teclado,2,800,1600
2025-02-05,Sur,Mouse,6,450,2700
2025-02-05,Sur,Impresora,3,4200,12600
2025-02-05,Sur,Disco SSD,4,1500,6000
2025-02-05,Sur,Audífonos,3,1200,3600
2025-02-05,Sur,Webcam,6,950,5700
2025-02-05,Sur,Router,4,900,3600
2025-02-05,Sur,Smartwatch,1,5000,5000
2025-02-05,Centro,Laptop,9,18000,162000
2025-02-05,Centro,Tablet,7,7000,49000
2025-02-05,Centro,Smartphone,5,12000,60000
2025-02-05,Centro,Monitor,4,3500,14000
2025-02-05,Centro,Teclado,2,800,1600
2025-02-05,Centro,Mouse,4,450,1800
2025-02-05,Centro,Impresora,5,4200,21000
2025-02-05,Centro,Disco SSD,4,1500,6000
2025-02-05,Centro,Audífonos,6,1200,7200
2025-02-05,Centro,Webcam,3,950,2850
2025-02-05,Centro,Router,7,900,6300
2025-02-05,Centro,Smartwatch,5,5000,25000
2025-02-05,Oriente,Laptop,6,18000,108000
2025-02-05,Oriente,Tablet,7,7000,49000
2025-02-05,Oriente,Smartphone,2,12000,24000
2025-02-05,Oriente,Monitor,6,3500,21000
2025-02-05,Oriente,Teclado,4,800,3200
2025-02-05,Oriente,Mouse,6,450,2700
2025-02-05,Oriente,Impresora,3,4200,12600
2025-02-05,Oriente,Disco SSD,6,1500,9000
2025-02-05,Oriente,Audífonos,8,1200,9600
2025-02-05,Oriente,Webcam,3,950,2850
2025-02-05,Oriente,Router,7,900,6300
2025-02-05,Oriente,Smartwatch,15,5000,75000
2025-02-05,Poniente,Laptop,7,18000,126000
2025-02-05,Poniente,Tablet,6,7000,42000
2025-02-05,Poniente,Smartphone,3,12000,36000
2025-02-05,Poniente,Monitor,2,3500,7000
2025-02-05,Poniente,Teclado,5,800,4000
2025-02-05,Poniente,Mouse,6,450,2700
2025-02-05,Poniente,Impresora,6,4200,25200
2025-02-05,Poniente,Disco SSD,4,1500,6000
2025-02-05,Poniente,Audífonos,1,1200,1200
2025-02-05,Poniente,Webcam,6,950,5700
2025-02-05,Poniente,Router,8,900,7200
2025-02-05,Poniente,Smartwatch,2,5000,10000
2025-02-05,Online,Laptop,2,18000,36000
2025-02-05,Online,Tablet,2,7000,14000
2025-02-05,Online,Smartphone,5,12000,60000
2025-02-05,Online,Monitor,7,3500,24500
2025-02-05,Online,Teclado,7,800,5600
2025-02-05,Online,Mouse,9,450,4050
2025-02-05,Online,Impresora,4,4200,16800
2025-02-05,Online,Disco SSD,7,1500,10500
2025-02-05,Online,Audífonos,5,1200,6000
2025-02-05,Online,Webcam,7,950,6650
2025-02-05,Online,Router,7,900,6300
2025-02-05,Online,Smartwatch,3,5000,15000
2025-02-06,Norte,Laptop,5,18000,90000
2025-02-06,Norte,Tablet,5,7000,35000
2025-02-06,Norte,Smartphone,5,12000,60000
2025-02-06,Norte,Monitor,5,3500,17500
2025-02-06,Norte,Teclado,8,800,6400
2025-02-06,Norte,Mouse,2,450,900
2025-02-06,Norte,Impresora,6,4200,25200
2025-02-06,Norte,Disco SSD,6,1500,9000
2025-02-06,Norte,Audífonos,6,1200,7200
2025-02-06,Norte,Webcam,1,950,950
2025-02-06,Norte,Router,10,900,9000
2025-02-06,Norte,Smartwatch,5,5000,25000
2025-02-06,Sur,Laptop,3,18000,54000
2025-02-06,Sur,Tablet,0,7000,0
2025-02-06,Sur,Smartphone,7,12000,84000
2025-02-06,Sur,Monitor,4,3500,14000
2025-02-06,Sur,Teclado,6,800,4800
2025-02-06,Sur,Mouse,4,450,1800
2025-02-06,Sur,Impresora,2,4200,8400
2025-02-06,Sur,Disco SSD,4,1500,6000
2025-02-06,Sur,Audífonos,9,1200,10800
2025-02-06,Sur,Webcam,4,950,3800
2025-02-06,Sur,Router,5,900,4500
2025-02-06,Sur,Smartwatch,8,5000,40000
2025-02-06,Centro,Laptop,2,18000,36000
2025-02-06,Centro,Tablet,2,7000,14000
2025-02-06,Centro,Smartphone,5,12000,60000
2025-02-06,Centro,Monitor,4,3500,14000
2025-02-06,Centro,Teclado,8,800,6400
2025-02-06,Centro,Mouse,6,450,2700
2025-02-06,Centro,Impresora,9,4200,37800
2025-02-06,Centro,Disco SSD,7,1500,10500
2025-02-06,Centro,Audífonos,2,1200,2400
2025-02-06,Centro,Webcam,8,950,7600
2025-02-06,Centro,Router,3,900,2700
2025-02-06,Centro,Smartwatch,5,5000,25000
2025-02-06,Oriente,Laptop,4,18000,72000
2025-02-06,Oriente,Tablet,5,7000,35000
2025-02-06,Oriente,Smartphone,4,12000,48000
2025-02-06,Oriente,Monitor,8,3500,28000
2025-02-06,Oriente,Teclado,0,800,0
2025-02-06,Oriente,Mouse,7,450,3150
2025-02-06,Oriente,Impresora,4,4200,16800
2025-02-06,Oriente,Disco SSD,5,1500,7500
2025-02-06,Oriente,Audífonos,2,1200,2400
2025-02-06,Oriente,Webcam,3,950,2850
2025-02-06,Oriente,Router,3,900,2700
2025-02-06,Oriente,Smartwatch,1,5000,5000
2025-02-06,Poniente,Laptop,3,18000,54000
2025-02-06,Poniente,Tablet,4,7000,28000
2025-02-06,Poniente,Smartphone,4,12000,48000
2025-02-06,Poniente,Monitor,7,3500,24500
2025-02-06,Poniente,Teclado,9,800,7200
2025-02-06,Poniente,Mouse,1,450,450
2025-02-06,Poniente,Impresora,3,4200,12600
2025-02-06,Poniente,Disco SSD,5,1500,7500
2025-02-06,Poniente,Audífonos,1,1200,1200
2025-02-06,Poniente,Webcam,3,950,2850
2025-02-06,Poniente,Router,5,900,4500
2025-02-06,Poniente,Smartwatch,7,5000,35000
2025-02-06,Online,Laptop,4,18000,72000
2025-02-06,Online,Tablet,6,7000,42000
2025-02-06,Online,Smartphone,4,12000,48000
2025-02-06,Online,Monitor,3,3500,10500
2025-02-06,Online,Teclado,5,800,4000
2025-02-06,Online,Mouse,4,450,1800
2025-02-06,Online,Impresora,4,4200,16800
2025-02-06,Online,Disco SSD,4,1500,6000
2025-02-06,Online,Audífonos,5,1200,6000
2025-02-06,Online,Webcam,4,950,3800
2025-02-06,Online,Router,8,900,7200
2025-02-06,Online,Smartwatch,3,5000,15000
2025-02-07,Norte,Laptop,5,18000,90000
2025-02-07,Norte,Tablet,4,7000,28000
2025-02-07,Norte,Smartphone,3,12000,36000
2025-02-07,Norte,Monitor,5,3500,17500
2025-02-07,Norte,Teclado,5,800,4000
2025-02-07,Norte,Mouse,5,450,2250
2025-02-07,Norte,Impresora,2,4200,8400
2025-02-07,Norte,Disco SSD,4,1500,6000
2025-02-07,Norte,Audífonos,4,1200,4800
2025-02-07,Norte,Webcam,7,950,6650
2025-02-07,Norte,Router,2,900,1800
2025-02-07,Norte,Smartwatch,3,5000,15000
2025-02-07,Sur,Laptop,4,18000,72000
2025-02-07,Sur,Tablet,5,7000,35000
2025-02-07,Sur,Smartphone,7,12000,84000
2025-02-07,Sur,Monitor,5,3500,17500
2025-02-07,Sur,Teclado,3,800,2400
2025-02-07,Sur,Mouse,2,450,900
2025-02-07,Sur,Impresora,5,4200,21000
2025-02-07,Sur,Disco SSD,7,1500,10500
2025-02-07,Sur,Audífonos,5,1200,6000
2025-02-07,Sur,Webcam,5,950,4750
2025-02-07,Sur,Router,7,900,6300
2025-02-07,Sur,Smartwatch,7,5000,35000
2025-02-07,Centro,Laptop,10,18000,180000
2025-02-07,Centro,Tablet,4,7000,28000
2025-02-07,Centro,Smartphone,4,12000,48000
2025-02-07,Centro,Monitor,0,3500,0
2025-02-07,Centro,Teclado,3,800,2400
2025-02-07,Centro,Mouse,3,450,1350
2025-02-07,Centro,Impresora,2,4200,8400
2025-02-07,Centro,Disco SSD,9,1500,13500
2025-02-07,Centro,Audífonos,8,1200,9600
2025-02-07,Centro,Webcam,8,950,7600
2025-02-07,Centro,Router,4,900,3600
2025-02-07,Centro,Smartwatch,10,5000,50000
2025-02-07,Oriente,Laptop,3,18000,54000
2025-02-07,Oriente,Tablet,2,7000,14000
2025-02-07,Oriente,Smartphone,2,12000,24000
2025-02-07,Oriente,Monitor,2,3500,7000
2025-02-07,Oriente,Teclado,6,800,4800
2025-02-07,Oriente,Mouse,2,450,900
2025-02-07,Oriente,Impresora,9,4200,37800
2025-02-07,Oriente,Disco SSD,8,1500,12000
2025-02-07,Oriente,Audífonos,4,1200,4800
2025-02-07,Oriente,Webcam,4,950,3800
2025-02-07,Oriente,Router,3,900,2700
2025-02-07,Oriente,Smartwatch,9,5000,45000
2025-02-07,Poniente,Laptop,10,18000,180000
2025-02-07,Poniente,Tablet,5,7000,35000
2025-02-07,Poniente,Smartphone,5,12000,60000
2025-02-07,Poniente,Monitor,9,3500,31500
2025-02-07,Poniente,Teclado,2,800,1600
2025-02-07,Poniente,Mouse,5,450,2250
2025-02-07,Poniente,Impresora,5,4200,21000
2025-02-07,Poniente,Disco SSD,8,1500,12000
2025-02-07,Poniente,Audífonos,6,1200,7200
2025-02-07,Poniente,Webcam,6,950,5700
2025-02-07,Poniente,Router,7,900,6300
2025-02-07,Poniente,Smartwatch,5,5000,25000
2025-02-07,Online,Laptop,5,18000,90000
2025-02-07,Online,Tablet,7,7000,49000
2025-02-07,Online,Smartphone,4,12000,48000
2025-02-07,Online,Monitor,4,3500,14000
2025-02-07,Online,Teclado,6,800,4800
2025-02-07,Online,Mouse,6,450,2700
2025-02-07,Online,Impresora,4,4200,16800
2025-02-07,Online,Disco SSD,3,1500,4500
2025-02-07,Online,Audífonos,3,1200,3600
2025-02-07,Online,Webcam,10,950,9500
2025-02-07,Online,Router,6,900,5400
2025-02-07,Online,Smartwatch,6,5000,30000
2025-02-08,Norte,Laptop,4,18000,72000
2025-02-08,Norte,Tablet,1,7000,7000
2025-02-08,Norte,Smartphone,5,12000,60000
2025-02-08,Norte,Monitor,7,3500,24500
2025-02-08,Norte,Teclado,4,800,3200
2025-02-08,Norte,Mouse,3,450,1350
2025-02-08,Norte,Impresora,5,4200,21000
2025-02-08,Norte,Disco SSD,7,1500,10500
2025-02-08,Norte,Audífonos,9,1200,10800
2025-02-08,Norte,Webcam,2,950,1900
2025-02-08,Norte,Router,6,900,5400
2025-02-08,Norte,Smartwatch,2,5000,10000
2025-02-08,Sur,Laptop,3,18000,54000
2025-02-08,Sur,Tablet,5,7000,35000
2025-02-08,Sur,Smartphone,3,12000,36000
2025-02-08,Sur,Monitor,4,3500,14000
2025-02-08,Sur,Teclado,5,800,4000
2025-02-08,Sur,Mouse,4,450,1800
2025-02-08,Sur,Impresora,5,4200,21000
2025-02-08,Sur,Disco SSD,2,1500,3000
2025-02-08,Sur,Audífonos,4,1200,4800
2025-02-08,Sur,Webcam,5,950,4750
2025-02-08,Sur,Router,6,900,5400
2025-02-08,Sur,Smartwatch,10,5000,50000
2025-02-08,Centro,Laptop,5,18000,90000
2025-02-08,Centro,Tablet,6,7000,42000
2025-02-08,Centro,Smartphone,7,12000,84000
2025-02-08,Centro,Monitor,4,3500,14000
2025-02-08,Centro,Teclado,7,800,5600
2025-02-08,Centro,Mouse,6,450,2700
2025-02-08,Centro,Impresora,2,4200,8400
2025-02-08,Centro,Disco SSD,3,1500,4500
2025-02-08,Centro,Audífonos,4,1200,4800
2025-02-08,Centro,Webcam,4,950,3800
2025-02-08,Centro,Router,5,900,4500
2025-02-08,Centro,Smartwatch,7,5000,35000
2025-02-08,Oriente,Laptop,3,18000,54000
2025-02-08,Oriente,Tablet,3,7000,21000
2025-02-08,Oriente,Smartphone,6,12000,72000
2025-02-08,Oriente,Monitor,3,3500,10500
2025-02-08,Oriente,Teclado,9,800,7200
2025-02-08,Oriente,Mouse,7,450,3150
2025-02-08,Oriente,Impresora,5,4200,21000
2025-02-08,Oriente,Disco SSD,6,1500,9000
2025-02-08,Oriente,Audífonos,6,1200,7200
2025-02-08,Oriente,Webcam,3,950,2850
2025-02-08,Oriente,Router,8,900,7200
2025-02-08,Oriente,Smartwatch,10,5000,50000
2025-02-08,Poniente,Laptop,6,18000,108000
2025-02-08,Poniente,Tablet,7,7000,49000
2025-02-08,Poniente,Smartphone,2,12000,24000
2025-02-08,Poniente,Monitor,5,3500,17500
2025-02-08,Poniente,Teclado,8,800,6400
2025-02-08,Poniente,Mouse,6,450,2700
2025-02-08,Poniente,Impresora,2,4200,8400
2025-02-08,Poniente,Disco SSD,3,1500,4500
2025-02-08,Poniente,Audífonos,10,1200,12000
2025-02-08,Poniente,Webcam,3,950,2850
2025-02-08,Poniente,Router,4,900,3600
2025-02-08,Poniente,Smartwatch,9,5000,45000
2025-02-08,Online,Laptop,2,18000,36000
2025-02-08,Online,Tablet,5,7000,35000
2025-02-08,Online,Smartphone,1,12000,12000
2025-02-08,Online,Monitor,5,3500,17500
2025-02-08,Online,Teclado,9,800,7200
2025-02-08,Online,Mouse,2,450,900
2025-02-08,Online,Impresora,5,4200,21000
2025-02-08,Online,Disco SSD,6,1500,9000
2025-02-08,Online,Audífonos,7,1200,8400
2025-02-08,Online,Webcam,3,950,2850
2025-02-08,Online,Router,7,900,6300
2025-02-08,Online,Smartwatch,7,5000,35000
2025-02-09,Norte,Laptop,6,18000,108000
2025-02-09,Norte,Tablet,4,7000,28000
2025-02-09,Norte,Smartphone,10,12000,120000
2025-02-09,Norte,Monitor,6,3500,21000
2025-02-09,Norte,Teclado,8,800,6400
2025-02-09,Norte,Mouse,3,450,1350
2025-02-09,Norte,Impresora,6,4200,25200
2025-02-09,Norte,Disco SSD,9,1500,13500
2025-02-09,Norte,Audífonos,3,1200,3600
2025-02-09,Norte,Webcam,7,950,6650
2025-02-09,Norte,Router,4,900,3600
2025-02-09,Norte,Smartwatch,3,5000,15000
2025-02-09,Sur,Laptop,9,18000,162000
2025-02-09,Sur,Tablet,4,7000,28000
2025-02-09,Sur,Smartphone,4,12000,48000
2025-02-09,Sur,Monitor,3,3500,10500
2025-02-09,Sur,Teclado,2,800,1600
2025-02-09,Sur,Mouse,3,450,1350
2025-02-09,Sur,Impresora,6,4200,25200
2025-02-09,Sur,Disco SSD,12,1500,18000
2025-02-09,Sur,Audífonos,7,1200,8400
2025-02-09,Sur,Webcam,4,950,3800
2025-02-09,Sur,Router,7,900,6300
2025-02-09,Sur,Smartwatch,5,5000,25000
2025-02-09,Centro,Laptop,8,18000,144000
2025-02-09,Centro,Tablet,4,7000,28000
2025-02-09,Centro,Smartphone,7,12000,84000
2025-02-09,Centro,Monitor,5,3500,17500
2025-02-09,Centro,Teclado,2,800,1600
2025-02-09,Centro,Mouse,4,450,1800
2025-02-09,Centro,Impresora,6,4200,25200
2025-02-09,Centro,Disco SSD,6,1500,9000
2025-02-09,Centro,Audífonos,4,1200,4800
2025-02-09,Centro,Webcam,3,950,2850
2025-02-09,Centro,Router,4,900,3600
2025-02-09,Centro,Smartwatch,5,5000,25000
2025-02-09,Oriente,Laptop,7,18000,126000
2025-02-09,Oriente,Tablet,10,7000,70000
2025-02-09,Oriente,Smartphone,7,12000,84000
2025-02-09,Oriente,Monitor,5,3500,17500
2025-02-09,Oriente,Teclado,3,800,2400
2025-02-09,Oriente,Mouse,4,450,1800
2025-02-09,Oriente,Impresora,4,4200,16800
2025-02-09,Oriente,Disco SSD,8,1500,12000
2025-02-09,Oriente,Audífonos,8,1200,9600
2025-02-09,Oriente,Webcam,4,950,3800
2025-02-09,Oriente,Router,4,900,3600
2025-02-09,Oriente,Smartwatch,8,5000,40000
2025-02-09,Poniente,Laptop,4,18000,72000
2025-02-09,Poniente,Tablet,6,7000,42000
2025-02-09,Poniente,Smartphone,6,12000,72000
2025-02-09,Poniente,Monitor,1,3500,3500
2025-02-09,Poniente,Teclado,5,800,4000
2025-02-09,Poniente,Mouse,3,450,1350
2025-02-09,Poniente,Impresora,9,4200,37800
2025-02-09,Poniente,Disco SSD,4,1500,6000
2025-02-09,Poniente,Audífonos,8,1200,9600
2025-02-09,Poniente,Webcam,8,950,7600
2025-02-09,Poniente,Router,2,900,1800
2025-02-09,Poniente,Smartwatch,6,5000,30000
2025-02-09,Online,Laptop,9,18000,162000
2025-02-09,Online,Tablet,4,7000,28000
2025-02-09,Online,Smartphone,4,12000,48000
2025-02-09,Online,Monitor,6,3500,21000
2025-02-09,Online,Teclado,13,800,10400
2025-02-09,Online,Mouse,6,450,2700
2025-02-09,Online,Impresora,8,4200,33600
2025-02-09,Online,Disco SSD,8,1500,12000
2025-02-09,Online,Audífonos,1,1200,1200
2025-02-09,Online,Webcam,8,950,7600
2025-02-09,Online,Router,4,900,3600
2025-02-09,Online,Smartwatch,4,5000,20000
2025-02-10,Norte,Laptop,2,18000,36000
2025-02-10,Norte,Tablet,6,7000,42000
2025-02-10,Norte,Smartphone,6,12000,72000
2025-02-10,Norte,Monitor,3,3500,10500
2025-02-10,Norte,Teclado,5,800,4000
2025-02-10,Norte,Mouse,8,450,3600
2025-02-10,Norte,Impresora,9,4200,37800
2025-02-10,Norte,Disco SSD,3,1500,4500
2025-02-10,Norte,Audífonos,2,1200,2400
2025-02-10,Norte,Webcam,7,950,6650
2025-02-10,Norte,Router,6,900,5400
2025-02-10,Norte,Smartwatch,6,5000,30000
2025-02-10,Sur,Laptop,6,18000,108000
2025-02-10,Sur,Tablet,4,7000,28000
2025-02-10,Sur,Smartphone,6,12000,72000
2025-02-10,Sur,Monitor,10,3500,35000
2025-02-10,Sur,Teclado,4,800,3200
2025-02-10,Sur,Mouse,3,450,1350
2025-02-10,Sur,Impresora,0,4200,0
2025-02-10,Sur,Disco SSD,8,1500,12000
2025-02-10,Sur,Audífonos,3,1200,3600
2025-02-10,Sur,Webcam,4,950,3800
2025-02-10,Sur,Router,5,900,4500
2025-02-10,Sur,Smartwatch,3,5000,15000
2025-02-10,Centro,Laptop,2,18000,36000
2025-02-10,Centro,Tablet,8,7000,56000
2025-02-10,Centro,Smartphone,4,12000,48000
2025-02-10,Centro,Monitor,3,3500,10500
2025-02-10,Centro,Teclado,8,800,6400
2025-02-10,Centro,Mouse,5,450,2250
2025-02-10,Centro,Impresora,6,4200,25200
2025-02-10,Centro,Disco SSD,7,1500,10500
2025-02-10,Centro,Audífonos,10,1200,12000
2025-02-10,Centro,Webcam,7,950,6650
2025-02-10,Centro,Router,3,900,2700
2025-02-10,Centro,Smartwatch,3,5000,15000
2025-02-10,Oriente,Laptop,7,18000,126000
2025-02-10,Oriente,Tablet,3,7000,21000
2025-02-10,Oriente,Smartphone,3,12000,36000
2025-02-10,Oriente,Monitor,3,3500,10500
2025-02-10,Oriente,Teclado,8,800,6400
2025-02-10,Oriente,Mouse,2,450,900
2025-02-10,Oriente,Impresora,5,4200,21000
2025-02-10,Oriente,Disco SSD,4,1500,6000
2025-02-10,Oriente,Audífonos,2,1200,2400
2025-02-10,Oriente,Webcam,3,950,2850
2025-02-10,Oriente,Router,2,900,1800
2025-02-10,Oriente,Smartwatch,6,5000,30000
2025-02-10,Poniente,Laptop,3,18000,54000
2025-02-10,Poniente,Tablet,6,7000,42000
2025-02-10,Poniente,Smartphone,5,12000,60000
2025-02-10,Poniente,Monitor,4,3500,14000
2025-02-10,Poniente,Teclado,6,800,4800
2025-02-10,Poniente,Mouse,6,450,2700
2025-02-10,Poniente,Impresora,6,4200,25200
2025-02-10,Poniente,Disco SSD,7,1500,10500
2025-02-10,Poniente,Audífonos,10,1200,12000
2025-02-10,Poniente,Webcam,12,950,11400
2025-02-10,Poniente,Router,5,900,4500
2025-02-10,Poniente,Smartwatch,7,5000,35000
2025-02-10,Online,Laptop,10,18000,180000
2025-02-10,Online,Tablet,2,7000,14000
2025-02-10,Online,Smartphone,4,12000,48000
2025-02-10,Online,Monitor,6,3500,21000
2025-02-10,Online,Teclado,4,800,3200
2025-02-10,Online,Mouse,5,450,2250
2025-02-10,Online,Impresora,3,4200,12600
2025-02-10,Online,Disco SSD,3,1500,4500
2025-02-10,Online,Audífonos,3,1200,3600
2025-02-10,Online,Webcam,6,950,5700
2025-02-10,Online,Router,5,900,4500
2025-02-10,Online,Smartwatch,9,5000,45000
2025-02-11,Norte,Laptop,1,18000,18000
2025-02-11,Norte,Tablet,5,7000,35000
2025-02-11,Norte,Smartphone,6,12000,72000
2025-02-11,Norte,Monitor,5,3500,17500
2025-02-11,Norte,Teclado,8,800,6400
2025-02-11,Norte,Mouse,4,450,1800
2025-02-11,Norte,Impresora,6,4200,25200
2025-02-11,Norte,Disco SSD,5,1500,7500
2025-02-11,Norte,Audífonos,7,1200,8400
2025-02-11,Norte,Webcam,4,950,3800
2025-02-11,Norte,Router,7,900,6300
2025-02-11,Norte,Smartwatch,4,5000,20000
2025-02-11,Sur,Laptop,5,18000,90000
2025-02-11,Sur,Tablet,5,7000,35000
2025-02-11,Sur,Smartphone,5,12000,60000
2025-02-11,Sur,Monitor,6,3500,21000
2025-02-11,Sur,Teclado,5,800,4000
2025-02-11,Sur,Mouse,3,450,1350
2025-02-11,Sur,Impresora,3,4200,12600
2025-02-11,Sur,Disco SSD,5,1500,7500
2025-02-11,Sur,Audífonos,4,1200,4800
2025-02-11,Sur,Webcam,5,950,4750
2025-02-11,Sur,Router,2,900,1800
2025-02-11,Sur,Smartwatch,8,5000,40000
2025-02-11,Centro,Laptop,4,18000,72000
2025-02-11,Centro,Tablet,1,7000,7000
2025-02-11,Centro,Smartphone,3,12000,36000
2025-02-11,Centro,Monitor,6,3500,21000
2025-02-11,Centro,Teclado,7,800,5600
2025-02-11,Centro,Mouse,5,450,2250
2025-02-11,Centro,Impresora,3,4200,12600
2025-02-11,Centro,Disco SSD,5,1500,7500
2025-02-11,Centro,Audífonos,4,1200,4800
2025-02-11,Centro,Webcam,4,950,3800
2025-02-11,Centro,Router,2,900,1800
2025-02-11,Centro,Smartwatch,3,5000,15000
2025-02-11,Oriente,Laptop,4,18000,72000
2025-02-11,Oriente,Tablet,6,7000,42000
2025-02-11,Oriente,Smartphone,8,12000,96000
2025-02-11,Oriente,Monitor,5,3500,17500
2025-02-11,Oriente,Teclado,2,800,1600
2025-02-11,Oriente,Mouse,3,450,1350
2025-02-11,Oriente,Impresora,6,4200,25200
2025-02-11,Oriente,Disco SSD,6,1500,9000
2025-02-11,Oriente,Audífonos,9,1200,10800
2025-02-11,Oriente,Webcam,5,950,4750
2025-02-11,Oriente,Router,3,900,2700
2025-02-11,Oriente,Smartwatch,6,5000,30000
2025-02-11,Poniente,Laptop,4,18000,72000
2025-02-11,Poniente,Tablet,5,7000,35000
2025-02-11,Poniente,Smartphone,4,12000,48000
2025-02-11,Poniente,Monitor,7,3500,24500
2025-02-11,Poniente,Teclado,9,800,7200
2025-02-11,Poniente,Mouse,6,450,2700
2025-02-11,Poniente,Impresora,5,4200,21000
2025-02-11,Poniente,Disco SSD,2,1500,3000
2025-02-11,Poniente,Audífonos,7,1200,8400
2025-02-11,Poniente,Webcam,2,950,1900
2025-02-11,Poniente,Router,5,900,4500
2025-02-11,Poniente,Smartwatch,5,5000,25000
2025-02-11,Online,Laptop,4,18000,72000
2025-02-11,Online,Tablet,2,7000,14000
2025-02-11,Online,Smartphone,11,12000,132000
2025-02-11,Online,Monitor,5,3500,17500
2025-02-11,Online,Teclado,8,800,6400
2025-02-11,Online,Mouse,10,450,4500
2025-02-11,Online,Impresora,10,4200,42000
2025-02-11,Online,Disco SSD,5,1500,7500
2025-02-11,Online,Audífonos,2,1200,2400
2025-02-11,Online,Webcam,7,950,6650
2025-02-11,Online,Router,7,900,6300
2025-02-11,Online,Smartwatch,10,5000,50000
2025-02-12,Norte,Laptop,3,18000,54000
2025-02-12,Norte,Tablet,7,7000,49000
2025-02-12,Norte,Smartphone,6,12000,72000
2025-02-12,Norte,Monitor,2,3500,7000
2025-02-12,Norte,Teclado,2,800,1600
2025-02-12,Norte,Mouse,3,450,1350
2025-02-12,Norte,Impresora,4,4200,16800
2025-02-12,Norte,Disco SSD,2,1500,3000
2025-02-12,Norte,Audífonos,9,1200,10800
2025-02-12,Norte,Webcam,7,950,6650
2025-02-12,Norte,Router,8,900,7200
2025-02-12,Norte,Smartwatch,3,5000,15000
2025-02-12,Sur,Laptop,7,18000,126000
2025-02-12,Sur,Tablet,3,7000,21000
2025-02-12,Sur,Smartphone,10,12000,120000
2025-02-12,Sur,Monitor,4,3500,14000
2025-02-12,Sur,Teclado,7,800,5600
2025-02-12,Sur,Mouse,2,450,900
2025-02-12,Sur,Impresora,2,4200,8400
2025-02-12,Sur,Disco SSD,5,1500,7500
2025-02-12,Sur,Audífonos,10,1200,12000
2025-02-12,Sur,Webcam,6,950,5700
2025-02-12,Sur,Router,4,900,3600
2025-02-12,Sur,Smartwatch,1,5000,5000
2025-02-12,Centro,Laptop,8,18000,144000
2025-02-12,Centro,Tablet,5,7000,35000
2025-02-12,Centro,Smartphone,3,12000,36000
2025-02-12,Centro,Monitor,4,3500,14000
2025-02-12,Centro,Teclado,3,800,2400
2025-02-12,Centro,Mouse,3,450,1350
2025-02-12,Centro,Impresora,4,4200,16800
2025-02-12,Centro,Disco SSD,4,1500,6000
2025-02-12,Centro,Audífonos,5,1200,6000
2025-02-12,Centro,Webcam,3,950,2850
2025-02-12,Centro,Router,6,900,5400
2025-02-12,Centro,Smartwatch,4,5000,20000
2025-02-12,Oriente,Laptop,6,18000,108000
2025-02-12,Oriente,Tablet,6,7000,42000
2025-02-12,Oriente,Smartphone,5,12000,60000
2025-02-12,Oriente,Monitor,7,3500,24500
2025-02-12,Oriente,Teclado,5,800,4000
2025-02-12,Oriente,Mouse,6,450,2700
2025-02-12,Oriente,Impresora,4,4200,16800
2025-02-12,Oriente,Disco SSD,8,1500,12000
2025-02-12,Oriente,Audífonos,11,1200,13200
2025-02-12,Oriente,Webcam,6,950,5700
2025-02-12,Oriente,Router,3,900,2700
2025-02-12,Oriente,Smartwatch,4,5000,20000
2025-02-12,Poniente,Laptop,8,18000,144000
2025-02-12,Poniente,Tablet,6,7000,42000
2025-02-12,Poniente,Smartphone,5,12000,60000
2025-02-12,Poniente,Monitor,6,3500,21000
2025-02-12,Poniente,Teclado,4,800,3200
2025-02-12,Poniente,Mouse,5,450,2250
2025-02-12,Poniente,Impresora,14,4200,58800
2025-02-12,Poniente,Disco SSD,4,1500,6000
2025-02-12,Poniente,Audífonos,6,1200,7200
2025-02-12,Poniente,Webcam,2,950,1900
2025-02-12,Poniente,Router,5,900,4500
2025-02-12,Poniente,Smartwatch,5,5000,25000
2025-02-12,Online,Laptop,4,18000,72000
2025-02-12,Online,Tablet,3,7000,21000
2025-02-12,Online,Smartphone,6,12000,72000
2025-02-12,Online,Monitor,5,3500,17500
2025-02-12,Online,Teclado,7,800,5600
2025-02-12,Online,Mouse,8,450,3600
2025-02-12,Online,Impresora,6,4200,25200
2025-02-12,Online,Disco SSD,5,1500,7500
2025-02-12,Online,Audífonos,8,1200,9600
2025-02-12,Online,Webcam,9,950,8550
2025-02-12,Online,Router,3,900,2700
2025-02-12,Online,Smartwatch,5,5000,25000
2025-02-13,Norte,Laptop,2,18000,36000
2025-02-13,Norte,Tablet,6,7000,42000
2025-02-13,Norte,Smartphone,9,12000,108000
2025-02-13,Norte,Monitor,5,3500,17500
2025-02-13,Norte,Teclado,7,800,5600
2025-02-13,Norte,Mouse,7,450,3150
2025-02-13,Norte,Impresora,3,4200,12600
2025-02-13,Norte,Disco SSD,5,1500,7500
2025-02-13,Norte,Audífonos,5,1200,6000
2025-02-13,Norte,Webcam,4,950,3800
2025-02-13,Norte,Router,5,900,4500
2025-02-13,Norte,Smartwatch,4,5000,20000
2025-02-13,Sur,Laptop,8,18000,144000
2025-02-13,Sur,Tablet,7,7000,49000
2025-02-13,Sur,Smartphone,6,12000,72000
2025-02-13,Sur,Monitor,7,3500,24500
2025-02-13,Sur,Teclado,10,800,8000
2025-02-13,Sur,Mouse,4,450,1800
2025-02-13,Sur,Impresora,9,4200,37800
2025-02-13,Sur,Disco SSD,9,1500,13500
2025-02-13,Sur,Audífonos,9,1200,10800
2025-02-13,Sur,Webcam,3,950,2850
2025-02-13,Sur,Router,3,900,2700
2025-02-13,Sur,Smartwatch,8,5000,40000
2025-02-13,Centro,Laptop,6,18000,108000
2025-02-13,Centro,Tablet,9,7000,63000
2025-02-13,Centro,Smartphone,2,12000,24000
2025-02-13,Centro,Monitor,6,3500,21000
2025-02-13,Centro,Teclado,2,800,1600
2025-02-13,Centro,Mouse,9,450,4050
2025-02-13,Centro,Impresora,6,4200,25200
2025-02-13,Centro,Disco SSD,1,1500,1500
2025-02-13,Centro,Audífonos,3,1200,3600
2025-02-13,Centro,Webcam,4,950,3800
2025-02-13,Centro,Router,4,900,3600
2025-02-13,Centro,Smartwatch,6,5000,30000
2025-02-13,Oriente,Laptop,8,18000,144000
2025-02-13,Oriente,Tablet,5,7000,35000
2025-02-13,Oriente,Smartphone,11,12000,132000
2025-02-13,Oriente,Monitor,9,3500,31500
2025-02-13,Oriente,Teclado,5,800,4000
2025-02-13,Oriente,Mouse,4,450,1800
2025-02-13,Oriente,Impresora,3,4200,12600
2025-02-13,Oriente,Disco SSD,12,1500,18000
2025-02-13,Oriente,Audífonos,5,1200,6000
2025-02-13,Oriente,Webcam,12,950,11400
2025-02-13,Oriente,Router,4,900,3600
2025-02-13,Oriente,Smartwatch,5,5000,25000
2025-02-13,Poniente,Laptop,3,18000,54000
2025-02-13,Poniente,Tablet,3,7000,21000
2025-02-13,Poniente,Smartphone,5,12000,60000
2025-02-13,Poniente,Monitor,3,3500,10500
2025-02-13,Poniente,Teclado,8,800,6400
2025-02-13,Poniente,Mouse,6,450,2700
2025-02-13,Poniente,Impresora,4,4200,16800
2025-02-13,Poniente,Disco SSD,2,1500,3000
2025-02-13,Poniente,Audífonos,8,1200,9600
2025-02-13,Poniente,Webcam,7,950,6650
2025-02-13,Poniente,Router,3,900,2700
2025-02-13,Poniente,Smartwatch,3,5000,15000
2025-02-13,Online,Laptop,8,18000,144000
2025-02-13,Online,Tablet,5,7000,35000
2025-02-13,Online,Smartphone,6,12000,72000
2025-02-13,Online,Monitor,9,3500,31500
2025-02-13,Online,Teclado,4,800,3200
2025-02-13,Online,Mouse,5,450,2250
2025-02-13,Online,Impresora,6,4200,25200
2025-02-13,Online,Disco SSD,7,1500,10500
2025-02-13,Online,Audífonos,3,1200,3600
2025-02-13,Online,Webcam,4,950,3800
2025-02-13,Online,Router,4,900,3600
2025-02-13,Online,Smartwatch,1,5000,5000
2025-02-14,Norte,Laptop,5,18000,90000
2025-02-14,Norte,Tablet,4,7000,28000
2025-02-14,Norte,Smartphone,1,12000,12000
2025-02-14,Norte,Monitor,3,3500,10500
2025-02-14,Norte,Teclado,7,800,5600
2025-02-14,Norte,Mouse,0,450,0
2025-02-14,Norte,Impresora,9,4200,37800
2025-02-14,Norte,Disco SSD,5,1500,7500
2025-02-14,Norte,Audífonos,4,1200,4800
2025-02-14,Norte,Webcam,0,950,0
2025-02-14,Norte,Router,6,900,5400
2025-02-14,Norte,Smartwatch,6,5000,30000
2025-02-14,Sur,Laptop,2,18000,36000
2025-02-14,Sur,Tablet,3,7000,21000
2025-02-14,Sur,Smartphone,5,12000,60000
2025-02-14,Sur,Monitor,7,3500,24500
2025-02-14,Sur,Teclado,5,800,4000
2025-02-14,Sur,Mouse,5,450,2250
2025-02-14,Sur,Impresora,6,4200,25200
2025-02-14,Sur,Disco SSD,3,1500,4500
2025-02-14,Sur,Audífonos,5,1200,6000
2025-02-14,Sur,Webcam,4,950,3800
2025-02-14,Sur,Router,3,900,2700
2025-02-14,Sur,Smartwatch,7,5000,35000
2025-02-14,Centro,Laptop,4,18000,72000
2025-02-14,Centro,Tablet,7,7000,49000
2025-02-14,Centro,Smartphone,6,12000,72000
2025-02-14,Centro,Monitor,4,3500,14000
2025-02-14,Centro,Teclado,4,800,3200
2025-02-14,Centro,Mouse,3,450,1350
2025-02-14,Centro,Impresora,5,4200,21000
2025-02-14,Centro,Disco SSD,4,1500,6000
2025-02-14,Centro,Audífonos,10,1200,12000
2025-02-14,Centro,Webcam,8,950,7600
2025-02-14,Centro,Router,2,900,1800
2025-02-14,Centro,Smartwatch,3,5000,15000
2025-02-14,Oriente,Laptop,7,18000,126000
2025-02-14,Oriente,Tablet,4,7000,28000
2025-02-14,Oriente,Smartphone,6,12000,72000
2025-02-14,Oriente,Monitor,4,3500,14000
2025-02-14,Oriente,Teclado,5,800,4000
2025-02-14,Oriente,Mouse,5,450,2250
2025-02-14,Oriente,Impresora,9,4200,37800
2025-02-14,Oriente,Disco SSD,4,1500,6000
2025-02-14,Oriente,Audífonos,1,1200,1200
2025-02-14,Oriente,Webcam,4,950,3800
2025-02-14,Oriente,Router,6,900,5400
2025-02-14,Oriente,Smartwatch,3,5000,15000
2025-02-14,Poniente,Laptop,4,18000,72000
2025-02-14,Poniente,Tablet,10,7000,70000
2025-02-14,Poniente,Smartphone,9,12000,108000
2025-02-14,Poniente,Monitor,6,3500,21000
2025-02-14,Poniente,Teclado,7,800,5600
2025-02-14,Poniente,Mouse,0,450,0
2025-02-14,Poniente,Impresora,6,4200,25200
2025-02-14,Poniente,Disco SSD,2,1500,3000
2025-02-14,Poniente,Audífonos,3,1200,3600
2025-02-14,Poniente,Webcam,13,950,12350
2025-02-14,Poniente,Router,5,900,4500
2025-02-14,Poniente,Smartwatch,2,5000,10000
2025-02-14,Online,Laptop,6,18000,108000
2025-02-14,Online,Tablet,6,7000,42000
2025-02-14,Online,Smartphone,4,12000,48000
2025-02-14,Online,Monitor,8,3500,28000
2025-02-14,Online,Teclado,10,800,8000
2025-02-14,Online,Mouse,9,450,4050
2025-02-14,Online,Impresora,4,4200,16800
2025-02-14,Online,Disco SSD,3,1500,4500
2025-02-14,Online,Audífonos,6,1200,7200
2025-02-14,Online,Webcam,7,950,6650
2025-02-14,Online,Router,5,900,4500
2025-02-14,Online,Smartwatch,4,5000,20000
2025-02-15,Norte,Laptop,6,18000,108000
2025-02-15,Norte,Tablet,5,7000,35000
2025-02-15,Norte,Smartphone,5,12000,60000
2025-02-15,Norte,Monitor,1,3500,3500
2025-02-15,Norte,Teclado,6,800,4800
2025-02-15,Norte,Mouse,4,450,1800
2025-02-15,Norte,Impresora,4,4200,16800
2025-02-15,Norte,Disco SSD,2,1500,3000
2025-02-15,Norte,Audífonos,5,1200,6000
2025-02-15,Norte,Webcam,4,950,3800
2025-02-15,Norte,Router,9,900,8100
2025-02-15,Norte,Smartwatch,4,5000,20000
2025-02-15,Sur,Laptop,0,18000,0
2025-02-15,Sur,Tablet,11,7000,77000
2025-02-15,Sur,Smartphone,8,12000,96000
2025-02-15,Sur,Monitor,7,3500,24500
2025-02-15,Sur,Teclado,6,800,4800
2025-02-15,Sur,Mouse,3,450,1350
2025-02-15,Sur,Impresora,5,4200,21000
2025-02-15,Sur,Disco SSD,6,1500,9000
2025-02-15,Sur,Audífonos,3,1200,3600
2025-02-15,Sur,Webcam,5,950,4750
2025-02-15,Sur,Router,8,900,7200
2025-02-15,Sur,Smartwatch,6,5000,30000
2025-02-15,Centro,Laptop,7,18000,126000
2025-02-15,Centro,Tablet,4,7000,28000
2025-02-15,Centro,Smartphone,3,12000,36000
2025-02-15,Centro,Monitor,8,3500,28000
2025-02-15,Centro,Teclado,1,800,800
2025-02-15,Centro,Mouse,5,450,2250
2025-02-15,Centro,Impresora,6,4200,25200
2025-02-15,Centro,Disco SSD,5,1500,7500
2025-02-15,Centro,Audífonos,5,1200,6000
2025-02-15,Centro,Webcam,5,950,4750
2025-02-15,Centro,Router,5,900,4500
2025-02-15,Centro,Smartwatch,6,5000,30000
2025-02-15,Oriente,Laptop,5,18000,90000
2025-02-15,Oriente,Tablet,5,7000,35000
2025-02-15,Oriente,Smartphone,8,12000,96000
2025-02-15,Oriente,Monitor,3,3500,10500
2025-02-15,Oriente,Teclado,5,800,4000
2025-02-15,Oriente,Mouse,3,450,1350
2025-02-15,Oriente,Impresora,3,4200,12600
2025-02-15,Oriente,Disco SSD,7,1500,10500
2025-02-15,Oriente,Audífonos,4,1200,4800
2025-02-15,Oriente,Webcam,4,950,3800
2025-02-15,Oriente,Router,2,900,1800
2025-02-15,Oriente,Smartwatch,6,5000,30000
2025-02-15,Poniente,Laptop,3,18000,54000
2025-02-15,Poniente,Tablet,7,7000,49000
2025-02-15,Poniente,Smartphone,7,12000,84000
2025-02-15,Poniente,Monitor,8,3500,28000
2025-02-15,Poniente,Teclado,6,800,4800
2025-02-15,Poniente,Mouse,7,450,3150
2025-02-15,Poniente,Impresora,4,4200,16800
2025-02-15,Poniente,Disco SSD,7,1500,10500
2025-02-15,Poniente,Audífonos,2,1200,2400
2025-02-15,Poniente,Webcam,5,950,4750
2025-02-15,Poniente,Router,3,900,2700
2025-02-15,Poniente,Smartwatch,7,5000,35000
2025-02-15,Online,Laptop,5,18000,90000
2025-02-15,Online,Tablet,7,7000,49000
2025-02-15,Online,Smartphone,9,12000,108000
2025-02-15,Online,Monitor,6,3500,21000
2025-02-15,Online,Teclado,5,800,4000
2025-02-15,Online,Mouse,7,450,3150
2025-02-15,Online,Impresora,1,4200,4200
2025-02-15,Online,Disco SSD,3,1500,4500
2025-02-15,Online,Audífonos,3,1200,3600
2025-02-15,Online,Webcam,11,950,10450
2025-02-15,Online,Router,4,900,3600
2025-02-15,Online,Smartwatch,2,5000,10000
2025-02-16,Norte,Laptop,5,18000,90000
2025-02-16,Norte,Tablet,7,7000,49000
2025-02-16,Norte,Smartphone,2,12000,24000
2025-02-16,Norte,Monitor,5,3500,17500
2025-02-16,Norte,Teclado,2,800,1600
2025-02-16,Norte,Mouse,1,450,450
2025-02-16,Norte,Impresora,6,4200,25200
2025-02-16,Norte,Disco SSD,4,1500,6000
2025-02-16,Norte,Audífonos,7,1200,8400
2025-02-16,Norte,Webcam,7,950,6650
2025-02-16,Norte,Router,6,900,5400
2025-02-16,Norte,Smartwatch,6,5000,30000
2025-02-16,Sur,Laptop,6,18000,108000
2025-02-16,Sur,Tablet,7,7000,49000
2025-02-16,Sur,Smartphone,4,12000,48000
2025-02-16,Sur,Monitor,9,3500,31500
2025-02-16,Sur,Teclado,4,800,3200
2025-02-16,Sur,Mouse,6,450,2700
2025-02-16,Sur,Impresora,7,4200,29400
2025-02-16,Sur,Disco SSD,4,1500,6000
2025-02-16,Sur,Audífonos,6,1200,7200
2025-02-16,Sur,Webcam,2,950,1900
2025-02-16,Sur,Router,6,900,5400
2025-02-16,Sur,Smartwatch,4,5000,20000
2025-02-16,Centro,Laptop,3,18000,54000
2025-02-16,Centro,Tablet,3,7000,21000
2025-02-16,Centro,Smartphone,5,12000,60000
2025-02-16,Centro,Monitor,3,3500,10500
2025-02-16,Centro,Teclado,4,800,3200
2025-02-16,Centro,Mouse,3,450,1350
2025-02-16,Centro,Impresora,6,4200,25200
2025-02-16,Centro,Disco SSD,9,1500,13500
2025-02-16,Centro,Audífonos,5,1200,6000
2025-02-16,Centro,Webcam,6,950,5700
2025-02-16,Centro,Router,4,900,3600
2025-02-16,Centro,Smartwatch,3,5000,15000
2025-02-16,Oriente,Laptop,9,18000,162000
2025-02-16,Oriente,Tablet,3,7000,21000
2025-02-16,Oriente,Smartphone,9,12000,108000
2025-02-16,Oriente,Monitor,4,3500,14000
2025-02-16,Oriente,Teclado,8,800,6400
2025-02-16,Oriente,Mouse,3,450,1350
2025-02-16,Oriente,Impresora,3,4200,12600
2025-02-16,Oriente,Disco SSD,5,1500,7500
2025-02-16,Oriente,Audífonos,8,1200,9600
2025-02-16,Oriente,Webcam,3,950,2850
2025-02-16,Oriente,Router,4,900,3600
2025-02-16,Oriente,Smartwatch,8,5000,40000
2025-02-16,Poniente,Laptop,3,18000,54000
2025-02-16,Poniente,Tablet,3,7000,21000
2025-02-16,Poniente,Smartphone,2,12000,24000
2025-02-16,Poniente,Monitor,7,3500,24500
2025-02-16,Poniente,Teclado,2,800,1600
2025-02-16,Poniente,Mouse,6,450,2700
2025-02-16,Poniente,Impresora,5,4200,21000
2025-02-16,Poniente,Disco SSD,6,1500,9000
2025-02-16,Poniente,Audífonos,2,1200,2400
2025-02-16,Poniente,Webcam,10,950,9500
2025-02-16,Poniente,Router,3,900,2700
2025-02-16,Poniente,Smartwatch,6,5000,30000
2025-02-16,Online,Laptop,5,18000,90000
2025-02-16,Online,Tablet,7,7000,49000
2025-02-16,Online,Smartphone,6,12000,72000
2025-02-16,Online,Monitor,7,3500,24500
2025-02-16,Online,Teclado,4,800,3200
2025-02-16,Online,Mouse,7,450,3150
2025-02-16,Online,Impresora,2,4200,8400
2025-02-16,Online,Disco SSD,6,1500,9000
2025-02-16,Online,Audífonos,7,1200,8400
2025-02-16,Online,Webcam,5,950,4750
2025-02-16,Online,Router,4,900,3600
2025-02-16,Online,Smartwatch,5,5000,25000
2025-02-17,Norte,Laptop,2,18000,36000
2025-02-17,Norte,Tablet,8,7000,56000
2025-02-17,Norte,Smartphone,5,12000,60000
2025-02-17,Norte,Monitor,6,3500,21000
2025-02-17,Norte,Teclado,5,800,4000
2025-02-17,Norte,Mouse,6,450,2700
2025-02-17,Norte,Impresora,8,4200,33600
2025-02-17,Norte,Disco SSD,7,1500,10500
2025-02-17,Norte,Audífonos,0,1200,0
2025-02-17,Norte,Webcam,4,950,3800
2025-02-17,Norte,Router,7,900,6300
2025-02-17,Norte,Smartwatch,7,5000,35000
2025-02-17,Sur,Laptop,2,18000,36000
2025-02-17,Sur,Tablet,3,7000,21000
2025-02-17,Sur,Smartphone,9,12000,108000
2025-02-17,Sur,Monitor,7,3500,24500
2025-02-17,Sur,Teclado,8,800,6400
2025-02-17,Sur,Mouse,4,450,1800
2025-02-17,Sur,Impresora,2,4200,8400
2025-02-17,Sur,Disco SSD,6,1500,9000
2025-02-17,Sur,Audífonos,2,1200,2400
2025-02-17,Sur,Webcam,4,950,3800
2025-02-17,Sur,Router,9,900,8100
2025-02-17,Sur,Smartwatch,4,5000,20000
2025-02-17,Centro,Laptop,3,18000,54000
2025-02-17,Centro,Tablet,4,7000,28000
2025-02-17,Centro,Smartphone,2,12000,24000
2025-02-17,Centro,Monitor,7,3500,24500
2025-02-17,Centro,Teclado,7,800,5600
2025-02-17,Centro,Mouse,2,450,900
2025-02-17,Centro,Impresora,4,4200,16800
2025-02-17,Centro,Disco SSD,4,1500,6000
2025-02-17,Centro,Audífonos,5,1200,6000
2025-02-17,Centro,Webcam,6,950,5700
2025-02-17,Centro,Router,6,900,5400
2025-02-17,Centro,Smartwatch,8,5000,40000
2025-02-17,Oriente,Laptop,4,18000,72000
2025-02-17,Oriente,Tablet,1,7000,7000
2025-02-17,Oriente,Smartphone,4,12000,48000
2025-02-17,Oriente,Monitor,6,3500,21000
2025-02-17,Oriente,Teclado,3,800,2400
2025-02-17,Oriente,Mouse,4,450,1800
2025-02-17,Oriente,Impresora,1,4200,4200
2025-02-17,Oriente,Disco SSD,7,1500,10500
2025-02-17,Oriente,Audífonos,2,1200,2400
2025-02-17,Oriente,Webcam,9,950,8550
2025-02-17,Oriente,Router,6,900,5400
2025-02-17,Oriente,Smartwatch,5,5000,25000
2025-02-17,Poniente,Laptop,10,18000,180000
2025-02-17,Poniente,Tablet,7,7000,49000
2025-02-17,Poniente,Smartphone,5,12000,60000
2025-02-17,Poniente,Monitor,4,3500,14000
2025-02-17,Poniente,Teclado,11,800,8800
2025-02-17,Poniente,Mouse,4,450,1800
2025-02-17,Poniente,Impresora,3,4200,12600
2025-02-17,Poniente,Disco SSD,1,1500,1500
2025-02-17,Poniente,Audífonos,7,1200,8400
2025-02-17,Poniente,Webcam,5,950,4750
2025-02-17,Poniente,Router,7,900,6300
2025-02-17,Poniente,Smartwatch,5,5000,25000
2025-02-17,Online,Laptop,2,18000,36000
2025-02-17,Online,Tablet,5,7000,35000
2025-02-17,Online,Smartphone,9,12000,108000
2025-02-17,Online,Monitor,11,3500,38500
2025-02-17,Online,Teclado,6,800,4800
2025-02-17,Online,Mouse,6,450,2700
2025-02-17,Online,Impresora,3,4200,12600
2025-02-17,Online,Disco SSD,8,1500,12000
2025-02-17,Online,Audífonos,3,1200,3600
2025-02-17,Online,Webcam,8,950,7600
2025-02-17,Online,Router,7,900,6300
2025-02-17,Online,Smartwatch,6,5000,30000
2025-02-18,Norte,Laptop,6,18000,108000
2025-02-18,Norte,Tablet,3,7000,21000
2025-02-18,Norte,Smartphone,7,12000,84000
2025-02-18,Norte,Monitor,4,3500,14000
2025-02-18,Norte,Teclado,4,800,3200
2025-02-18,Norte,Mouse,10,450,4500
2025-02-18,Norte,Impresora,6,4200,25200
2025-02-18,Norte,Disco SSD,2,1500,3000
2025-02-18,Norte,Audífonos,4,1200,4800
2025-02-18,Norte,Webcam,3,950,2850
2025-02-18,Norte,Router,9,900,8100
2025-02-18,Norte,Smartwatch,6,5000,30000
2025-02-18,Sur,Laptop,3,18000,54000
2025-02-18,Sur,Tablet,7,7000,49000
2025-02-18,Sur,Smartphone,5,12000,60000
2025-02-18,Sur,Monitor,7,3500,24500
2025-02-18,Sur,Teclado,7,800,5600
2025-02-18,Sur,Mouse,2,450,900
2025-02-18,Sur,Impresora,7,4200,29400
2025-02-18,Sur,Disco SSD,3,1500,4500
2025-02-18,Sur,Audífonos,7,1200,8400
2025-02-18,Sur,Webcam,5,950,4750
2025-02-18,Sur,Router,8,900,7200
2025-02-18,Sur,Smartwatch,3,5000,15000
2025-02-18,Centro,Laptop,7,18000,126000
2025-02-18,Centro,Tablet,4,7000,28000
2025-02-18,Centro,Smartphone,3,12000,36000
2025-02-18,Centro,Monitor,3,3500,10500
2025-02-18,Centro,Teclado,2,800,1600
2025-02-18,Centro,Mouse,9,450,4050
2025-02-18,Centro,Impresora,10,4200,42000
2025-02-18,Centro,Disco SSD,7,1500,10500
2025-02-18,Centro,Audífonos,7,1200,8400
2025-02-18,Centro,Webcam,4,950,3800
2025-02-18,Centro,Router,4,900,3600
2025-02-18,Centro,Smartwatch,5,5000,25000
2025-02-18,Oriente,Laptop,3,18000,54000
2025-02-18,Oriente,Tablet,7,7000,49000
2025-02-18,Oriente,Smartphone,4,12000,48000
2025-02-18,Oriente,Monitor,4,3500,14000
2025-02-18,Oriente,Teclado,4,800,3200
2025-02-18,Oriente,Mouse,8,450,3600
2025-02-18,Oriente,Impresora,5,4200,21000
2025-02-18,Oriente,Disco SSD,3,1500,4500
2025-02-18,Oriente,Audífonos,11,1200,13200
2025-02-18,Oriente,Webcam,7,950,6650
2025-02-18,Oriente,Router,5,900,4500
2025-02-18,Oriente,Smartwatch,6,5000,30000
2025-02-18,Poniente,Laptop,2,18000,36000
2025-02-18,Poniente,Tablet,1,7000,7000
2025-02-18,Poniente,Smartphone,3,12000,36000
2025-02-18,Poniente,Monitor,5,3500,17500
2025-02-18,Poniente,Teclado,7,800,5600
2025-02-18,Poniente,Mouse,3,450,1350
2025-02-18,Poniente,Impresora,4,4200,16800
2025-02-18,Poniente,Disco SSD,2,1500,3000
2025-02-18,Poniente,Audífonos,5,1200,6000
2025-02-18,Poniente,Webcam,2,950,1900
2025-02-18,Poniente,Router,5,900,4500
2025-02-18,Poniente,Smartwatch,7,5000,35000
2025-02-18,Online,Laptop,3,18000,54000
2025-02-18,Online,Tablet,6,7000,42000
2025-02-18,Online,Smartphone,3,12000,36000
2025-02-18,Online,Monitor,10,3500,35000
2025-02-18,Online,Teclado,5,800,4000
2025-02-18,Online,Mouse,3,450,1350
2025-02-18,Online,Impresora,7,4200,29400
2025-02-18,Online,Disco SSD,3,1500,4500
2025-02-18,Online,Audífonos,5,1200,6000
2025-02-18,Online,Webcam,4,950,3800
2025-02-18,Online,Router,7,900,6300
2025-02-18,Online,Smartwatch,4,5000,20000
2025-02-19,Norte,Laptop,4,18000,72000
2025-02-19,Norte,Tablet,3,7000,21000
2025-02-19,Norte,Smartphone,6,12000,72000
2025-02-19,Norte,Monitor,10,3500,35000
2025-02-19,Norte,Teclado,3,800,2400
2025-02-19,Norte,Mouse,5,450,2250
2025-02-19,Norte,Impresora,4,4200,16800
2025-02-19,Norte,Disco SSD,5,1500,7500
2025-02-19,Norte,Audífonos,2,1200,2400
2025-02-19,Norte,Webcam,3,950,2850
2025-02-19,Norte,Router,4,900,3600
2025-02-19,Norte,Smartwatch,6,5000,30000
2025-02-19,Sur,Laptop,7,18000,126000
2025-02-19,Sur,Tablet,4,7000,28000
2025-02-19,Sur,Smartphone,7,12000,84000
2025-02-19,Sur,Monitor,4,3500,14000
2025-02-19,Sur,Teclado,5,800,4000
2025-02-19,Sur,Mouse,6,450,2700
2025-02-19,Sur,Impresora,9,4200,37800
2025-02-19,Sur,Disco SSD,3,1500,4500
2025-02-19,Sur,Audífonos,9,1200,10800
2025-02-19,Sur,Webcam,6,950,5700
2025-02-19,Sur,Router,2,900,1800
2025-02-19,Sur,Smartwatch,9,5000,45000
2025-02-19,Centro,Laptop,4,18000,72000
2025-02-19,Centro,Tablet,5,7000,35000
2025-02-19,Centro,Smartphone,5,12000,60000
2025-02-19,Centro,Monitor,4,3500,14000
2025-02-19,Centro,Teclado,3,800,2400
2025-02-19,Centro,Mouse,5,450,2250
2025-02-19,Centro,Impresora,4,4200,16800
2025-02-19,Centro,Disco SSD,3,1500,4500
2025-02-19,Centro,Audífonos,5,1200,6000
2025-02-19,Centro,Webcam,6,950,5700
2025-02-19,Centro,Router,9,900,8100
2025-02-19,Centro,Smartwatch,3,5000,15000
2025-02-19,Oriente,Laptop,5,18000,90000
2025-02-19,Oriente,Tablet,7,7000,49000
2025-02-19,Oriente,Smartphone,5,12000,60000
2025-02-19,Oriente,Monitor,2,3500,7000
2025-02-19,Oriente,Teclado,5,800,4000
2025-02-19,Oriente,Mouse,7,450,3150
2025-02-19,Oriente,Impresora,8,4200,33600
2025-02-19,Oriente,Disco SSD,2,1500,3000
2025-02-19,Oriente,Audífonos,3,1200,3600
2025-02-19,Oriente,Webcam,6,950,5700
2025-02-19,Oriente,Router,3,900,2700
2025-02-19,Oriente,Smartwatch,6,5000,30000
2025-02-19,Poniente,Laptop,10,18000,180000
2025-02-19,Poniente,Tablet,2,7000,14000
2025-02-19,Poniente,Smartphone,6,12000,72000
2025-02-19,Poniente,Monitor,5,3500,17500
2025-02-19,Poniente,Teclado,3,800,2400
2025-02-19,Poniente,Mouse,4,450,1800
2025-02-19,Poniente,Impresora,5,4200,21000
2025-02-19,Poniente,Disco SSD,5,1500,7500
2025-02-19,Poniente,Audífonos,9,1200,10800
2025-02-19,Poniente,Webcam,6,950,5700
2025-02-19,Poniente,Router,4,900,3600
2025-02-19,Poniente,Smartwatch,3,5000,15000
2025-02-19,Online,Laptop,4,18000,72000
2025-02-19,Online,Tablet,2,7000,14000
2025-02-19,Online,Smartphone,5,12000,60000
2025-02-19,Online,Monitor,4,3500,14000
2025-02-19,Online,Teclado,2,800,1600
2025-02-19,Online,Mouse,5,450,2250
2025-02-19,Online,Impresora,11,4200,46200
2025-02-19,Online,Disco SSD,4,1500,6000
2025-02-19,Online,Audífonos,6,1200,7200
2025-02-19,Online,Webcam,2,950,1900
2025-02-19,Online,Router,4,900,3600
2025-02-19,Online,Smartwatch,9,5000,45000
2025-02-20,Norte,Laptop,2,18000,36000
2025-02-20,Norte,Tablet,5,7000,35000
2025-02-20,Norte,Smartphone,4,12000,48000
2025-02-20,Norte,Monitor,5,3500,17500
2025-02-20,Norte,Teclado,3,800,2400
2025-02-20,Norte,Mouse,4,450,1800
2025-02-20,Norte,Impresora,5,4200,21000
2025-02-20,Norte,Disco SSD,7,1500,10500
2025-02-20,Norte,Audífonos,6,1200,7200
2025-02-20,Norte,Webcam,5,950,4750
2025-02-20,Norte,Router,7,900,6300
2025-02-20,Norte,Smartwatch,5,5000,25000
2025-02-20,Sur,Laptop,9,18000,162000
2025-02-20,Sur,Tablet,5,7000,35000
2025-02-20,Sur,Smartphone,5,12000,60000
2025-02-20,Sur,Monitor,8,3500,28000
2025-02-20,Sur,Teclado,4,800,3200
2025-02-20,Sur,Mouse,2,450,900
2025-02-20,Sur,Impresora,5,4200,21000
2025-02-20,Sur,Disco SSD,3,1500,4500
2025-02-20,Sur,Audífonos,2,1200,2400
2025-02-20,Sur,Webcam,5,950,4750
2025-02-20,Sur,Router,8,900,7200
2025-02-20,Sur,Smartwatch,3,5000,15000
2025-02-20,Centro,Laptop,4,18000,72000
2025-02-20,Centro,Tablet,11,7000,77000
2025-02-20,Centro,Smartphone,4,12000,48000
2025-02-20,Centro,Monitor,7,3500,24500
2025-02-20,Centro,Teclado,1,800,800
2025-02-20,Centro,Mouse,3,450,1350
2025-02-20,Centro,Impresora,2,4200,8400
2025-02-20,Centro,Disco SSD,6,1500,9000
2025-02-20,Centro,Audífonos,3,1200,3600
2025-02-20,Centro,Webcam,5,950,4750
2025-02-20,Centro,Router,8,900,7200
2025-02-20,Centro,Smartwatch,8,5000,40000
2025-02-20,Oriente,Laptop,2,18000,36000
2025-02-20,Oriente,Tablet,6,7000,42000
2025-02-20,Oriente,Smartphone,7,12000,84000
2025-02-20,Oriente,Monitor,3,3500,10500
2025-02-20,Oriente,Teclado,4,800,3200
2025-02-20,Oriente,Mouse,8,450,3600
2025-02-20,Oriente,Impresora,6,4200,25200
2025-02-20,Oriente,Disco SSD,5,1500,7500
2025-02-20,Oriente,Audífonos,2,1200,2400
2025-02-20,Oriente,Webcam,6,950,5700
2025-02-20,Oriente,Router,5,900,4500
2025-02-20,Oriente,Smartwatch,8,5000,40000
2025-02-20,Poniente,Laptop,3,18000,54000
2025-02-20,Poniente,Tablet,5,7000,35000
2025-02-20,Poniente,Smartphone,4,12000,48000
2025-02-20,Poniente,Monitor,7,3500,24500
2025-02-20,Poniente,Teclado,9,800,7200
2025-02-20,Poniente,Mouse,6,450,2700
2025-02-20,Poniente,Impresora,13,4200,54600
2025-02-20,Poniente,Disco SSD,3,1500,4500
2025-02-20,Poniente,Audífonos,7,1200,8400
2025-02-20,Poniente,Webcam,5,950,4750
2025-02-20,Poniente,Router,6,900,5400
2025-02-20,Poniente,Smartwatch,11,5000,55000
2025-02-20,Online,Laptop,7,18000,126000
2025-02-20,Online,Tablet,4,7000,28000
2025-02-20,Online,Smartphone,8,12000,96000
2025-02-20,Online,Monitor,6,3500,21000
2025-02-20,Online,Teclado,4,800,3200
2025-02-20,Online,Mouse,4,450,1800
2025-02-20,Online,Impresora,7,4200,29400
2025-02-20,Online,Disco SSD,8,1500,12000
2025-02-20,Online,Audífonos,3,1200,3600
2025-02-20,Online,Webcam,8,950,7600
2025-02-20,Online,Router,6,900,5400
2025-02-20,Online,Smartwatch,8,5000,40000
2025-02-21,Norte,Laptop,3,18000,54000
2025-02-21,Norte,Tablet,3,7000,21000
2025-02-21,Norte,Smartphone,7,12000,84000
2025-02-21,Norte,Monitor,6,3500,21000
2025-02-21,Norte,Teclado,6,800,4800
2025-02-21,Norte,Mouse,4,450,1800
2025-02-21,Norte,Impresora,3,4200,12600
2025-02-21,Norte,Disco SSD,7,1500,10500
2025-02-21,Norte,Audífonos,7,1200,8400
2025-02-21,Norte,Webcam,7,950,6650
2025-02-21,Norte,Router,5,900,4500
2025-02-21,Norte,Smartwatch,4,5000,20000
2025-02-21,Sur,Laptop,4,18000,72000
2025-02-21,Sur,Tablet,7,7000,49000
2025-02-21,Sur,Smartphone,5,12000,60000
2025-02-21,Sur,Monitor,4,3500,14000
2025-02-21,Sur,Teclado,3,800,2400
2025-02-21,Sur,Mouse,3,450,1350
2025-02-21,Sur,Impresora,3,4200,12600
2025-02-21,Sur,Disco SSD,6,1500,9000
2025-02-21,Sur,Audífonos,5,1200,6000
2025-02-21,Sur,Webcam,5,950,4750
2025-02-21,Sur,Router,4,900,3600
2025-02-21,Sur,Smartwatch,8,5000,40000
2025-02-21,Centro,Laptop,7,18000,126000
2025-02-21,Centro,Tablet,4,7000,28000
2025-02-21,Centro,Smartphone,3,12000,36000
2025-02-21,Centro,Monitor,4,3500,14000
2025-02-21,Centro,Teclado,7,800,5600
2025-02-21,Centro,Mouse,9,450,4050
2025-02-21,Centro,Impresora,8,4200,33600
2025-02-21,Centro,Disco SSD,3,1500,4500
2025-02-21,Centro,Audífonos,5,1200,6000
2025-02-21,Centro,Webcam,6,950,5700
2025-02-21,Centro,Router,7,900,6300
2025-02-21,Centro,Smartwatch,6,5000,30000
2025-02-21,Oriente,Laptop,5,18000,90000
2025-02-21,Oriente,Tablet,8,7000,56000
2025-02-21,Oriente,Smartphone,7,12000,84000
2025-02-21,Oriente,Monitor,4,3500,14000
2025-02-21,Oriente,Teclado,6,800,4800
2025-02-21,Oriente,Mouse,9,450,4050
2025-02-21,Oriente,Impresora,6,4200,25200
2025-02-21,Oriente,Disco SSD,5,1500,7500
2025-02-21,Oriente,Audífonos,4,1200,4800
2025-02-21,Oriente,Webcam,3,950,2850
2025-02-21,Oriente,Router,0,900,0
2025-02-21,Oriente,Smartwatch,6,5000,30000
2025-02-21,Poniente,Laptop,3,18000,54000
2025-02-21,Poniente,Tablet,4,7000,28000
2025-02-21,Poniente,Smartphone,4,12000,48000
2025-02-21,Poniente,Monitor,8,3500,28000
2025-02-21,Poniente,Teclado,3,800,2400
2025-02-21,Poniente,Mouse,4,450,1800
2025-02-21,Poniente,Impresora,2,4200,8400
2025-02-21,Poniente,Disco SSD,5,1500,7500
2025-02-21,Poniente,Audífonos,7,1200,8400
2025-02-21,Poniente,Webcam,9,950,8550
2025-02-21,Poniente,Router,8,900,7200
2025-02-21,Poniente,Smartwatch,10,5000,50000
2025-02-21,Online,Laptop,6,18000,108000
2025-02-21,Online,Tablet,14,7000,98000
2025-02-21,Online,Smartphone,3,12000,36000
2025-02-21,Online,Monitor,6,3500,21000
2025-02-21,Online,Teclado,8,800,6400
2025-02-21,Online,Mouse,4,450,1800
2025-02-21,Online,Impresora,6,4200,25200
2025-02-21,Online,Disco SSD,8,1500,12000
2025-02-21,Online,Audífonos,9,1200,10800
2025-02-21,Online,Webcam,6,950,5700
2025-02-21,Online,Router,9,900,8100
2025-02-21,Online,Smartwatch,1,5000,5000
2025-02-22,Norte,Laptop,6,18000,108000
2025-02-22,Norte,Tablet,6,7000,42000
2025-02-22,Norte,Smartphone,7,12000,84000
2025-02-22,Norte,Monitor,4,3500,14000
2025-02-22,Norte,Teclado,13,800,10400
2025-02-22,Norte,Mouse,3,450,1350
2025-02-22,Norte,Impresora,5,4200,21000
2025-02-22,Norte,Disco SSD,4,1500,6000
2025-02-22,Norte,Audífonos,4,1200,4800
2025-02-22,Norte,Webcam,8,950,7600
2025-02-22,Norte,Router,3,900,2700
2025-02-22,Norte,Smartwatch,2,5000,10000
2025-02-22,Sur,Laptop,4,18000,72000
2025-02-22,Sur,Tablet,5,7000,35000
2025-02-22,Sur,Smartphone,5,12000,60000
2025-02-22,Sur,Monitor,6,3500,21000
2025-02-22,Sur,Teclado,7,800,5600
2025-02-22,Sur,Mouse,6,450,2700
2025-02-22,Sur,Impresora,4,4200,16800
2025-02-22,Sur,Disco SSD,10,1500,15000
2025-02-22,Sur,Audífonos,7,1200,8400
2025-02-22,Sur,Webcam,5,950,4750
2025-02-22,Sur,Router,2,900,1800
2025-02-22,Sur,Smartwatch,5,5000,25000
2025-02-22,Centro,Laptop,4,18000,72000
2025-02-22,Centro,Tablet,3,7000,21000
2025-02-22,Centro,Smartphone,2,12000,24000
2025-02-22,Centro,Monitor,2,3500,7000
2025-02-22,Centro,Teclado,6,800,4800
2025-02-22,Centro,Mouse,12,450,5400
2025-02-22,Centro,Impresora,7,4200,29400
2025-02-22,Centro,Disco SSD,1,1500,1500
2025-02-22,Centro,Audífonos,8,1200,9600
2025-02-22,Centro,Webcam,4,950,3800
2025-02-22,Centro,Router,3,900,2700
2025-02-22,Centro,Smartwatch,10,5000,50000
2025-02-22,Oriente,Laptop,2,18000,36000
2025-02-22,Oriente,Tablet,7,7000,49000
2025-02-22,Oriente,Smartphone,3,12000,36000
2025-02-22,Oriente,Monitor,5,3500,17500
2025-02-22,Oriente,Teclado,5,800,4000
2025-02-22,Oriente,Mouse,9,450,4050
2025-02-22,Oriente,Impresora,2,4200,8400
2025-02-22,Oriente,Disco SSD,7,1500,10500
2025-02-22,Oriente,Audífonos,5,1200,6000
2025-02-22,Oriente,Webcam,6,950,5700
2025-02-22,Oriente,Router,4,900,3600
2025-02-22,Oriente,Smartwatch,5,5000,25000
2025-02-22,Poniente,Laptop,6,18000,108000
2025-02-22,Poniente,Tablet,10,7000,70000
2025-02-22,Poniente,Smartphone,7,12000,84000
2025-02-22,Poniente,Monitor,2,3500,7000
2025-02-22,Poniente,Teclado,7,800,5600
2025-02-22,Poniente,Mouse,5,450,2250
2025-02-22,Poniente,Impresora,9,4200,37800
2025-02-22,Poniente,Disco SSD,4,1500,6000
2025-02-22,Poniente,Audífonos,7,1200,8400
2025-02-22,Poniente,Webcam,3,950,2850
2025-02-22,Poniente,Router,7,900,6300
2025-02-22,Poniente,Smartwatch,6,5000,30000
2025-02-22,Online,Laptop,3,18000,54000
2025-02-22,Online,Tablet,5,7000,35000
2025-02-22,Online,Smartphone,4,12000,48000
2025-02-22,Online,Monitor,7,3500,24500
2025-02-22,Online,Teclado,6,800,4800
2025-02-22,Online,Mouse,3,450,1350
2025-02-22,Online,Impresora,3,4200,12600
2025-02-22,Online,Disco SSD,2,1500,3000
2025-02-22,Online,Audífonos,6,1200,7200
2025-02-22,Online,Webcam,5,950,4750
2025-02-22,Online,Router,6,900,5400
2025-02-22,Online,Smartwatch,5,5000,25000
2025-02-23,Norte,Laptop,6,18000,108000
2025-02-23,Norte,Tablet,3,7000,21000
2025-02-23,Norte,Smartphone,5,12000,60000
2025-02-23,Norte,Monitor,8,3500,28000
2025-02-23,Norte,Teclado,6,800,4800
2025-02-23,Norte,Mouse,4,450,1800
2025-02-23,Norte,Impresora,4,4200,16800
2025-02-23,Norte,Disco SSD,2,1500,3000
2025-02-23,Norte,Audífonos,6,1200,7200
2025-02-23,Norte,Webcam,10,950,9500
2025-02-23,Norte,Router,5,900,4500
2025-02-23,Norte,Smartwatch,3,5000,15000
2025-02-23,Sur,Laptop,7,18000,126000
2025-02-23,Sur,Tablet,6,7000,42000
2025-02-23,Sur,Smartphone,5,12000,60000
2025-02-23,Sur,Monitor,6,3500,21000
2025-02-23,Sur,Teclado,1,800,800
2025-02-23,Sur,Mouse,5,450,2250
2025-02-23,Sur,Impresora,4,4200,16800
2025-02-23,Sur,Disco SSD,9,1500,13500
2025-02-23,Sur,Audífonos,9,1200,10800
2025-02-23,Sur,Webcam,6,950,5700
2025-02-23,Sur,Router,9,900,8100
2025-02-23,Sur,Smartwatch,7,5000,35000
2025-02-23,Centro,Laptop,2,18000,36000
2025-02-23,Centro,Tablet,3,7000,21000
2025-02-23,Centro,Smartphone,4,12000,48000
2025-02-23,Centro,Monitor,5,3500,17500
2025-02-23,Centro,Teclado,8,800,6400
2025-02-23,Centro,Mouse,4,450,1800
2025-02-23,Centro,Impresora,4,4200,16800
2025-02-23,Centro,Disco SSD,4,1500,6000
2025-02-23,Centro,Audífonos,3,1200,3600
2025-02-23,Centro,Webcam,2,950,1900
2025-02-23,Centro,Router,5,900,4500
2025-02-23,Centro,Smartwatch,9,5000,45000
2025-02-23,Oriente,Laptop,6,18000,108000
2025-02-23,Oriente,Tablet,3,7000,21000
2025-02-23,Oriente,Smartphone,4,12000,48000
2025-02-23,Oriente,Monitor,3,3500,10500
2025-02-23,Oriente,Teclado,4,800,3200
2025-02-23,Oriente,Mouse,3,450,1350
2025-02-23,Oriente,Impresora,5,4200,21000
2025-02-23,Oriente,Disco SSD,6,1500,9000
2025-02-23,Oriente,Audífonos,8,1200,9600
2025-02-23,Oriente,Webcam,2,950,1900
2025-02-23,Oriente,Router,6,900,5400
2025-02-23,Oriente,Smartwatch,4,5000,20000
2025-02-23,Poniente,Laptop,5,18000,90000
2025-02-23,Poniente,Tablet,5,7000,35000
2025-02-23,Poniente,Smartphone,7,12000,84000
2025-02-23,Poniente,Monitor,7,3500,24500
2025-02-23,Poniente,Teclado,6,800,4800
2025-02-23,Poniente,Mouse,5,450,2250
2025-02-23,Poniente,Impresora,2,4200,8400
2025-02-23,Poniente,Disco SSD,0,1500,0
2025-02-23,Poniente,Audífonos,4,1200,4800
2025-02-23,Poniente,Webcam,4,950,3800
2025-02-23,Poniente,Router,2,900,1800
2025-02-23,Poniente,Smartwatch,5,5000,25000
2025-02-23,Online,Laptop,8,18000,144000
2025-02-23,Online,Tablet,5,7000,35000
2025-02-23,Online,Smartphone,7,12000,84000
2025-02-23,Online,Monitor,7,3500,24500
2025-02-23,Online,Teclado,6,800,4800
2025-02-23,Online,Mouse,6,450,2700
2025-02-23,Online,Impresora,5,4200,21000
2025-02-23,Online,Disco SSD,5,1500,7500
2025-02-23,Online,Audífonos,4,1200,4800
2025-02-23,Online,Webcam,10,950,9500
2025-02-23,Online,Router,2,900,1800
2025-02-23,Online,Smartwatch,8,5000,40000
2025-02-24,Norte,Laptop,2,18000,36000
2025-02-24,Norte,Tablet,4,7000,28000
2025-02-24,Norte,Smartphone,7,12000,84000
2025-02-24,Norte,Monitor,3,3500,10500
2025-02-24,Norte,Teclado,6,800,4800
2025-02-24,Norte,Mouse,10,450,4500
2025-02-24,Norte,Impresora,5,4200,21000
2025-02-24,Norte,Disco SSD,4,1500,6000
2025-02-24,Norte,Audífonos,4,1200,4800
2025-02-24,Norte,Webcam,7,950,6650
2025-02-24,Norte,Router,4,900,3600
2025-02-24,Norte,Smartwatch,1,5000,5000
2025-02-24,Sur,Laptop,4,18000,72000
2025-02-24,Sur,Tablet,2,7000,14000
2025-02-24,Sur,Smartphone,12,12000,144000
2025-02-24,Sur,Monitor,4,3500,14000
2025-02-24,Sur,Teclado,7,800,5600
2025-02-24,Sur,Mouse,8,450,3600
2025-02-24,Sur,Impresora,6,4200,25200
2025-02-24,Sur,Disco SSD,8,1500,12000
2025-02-24,Sur,Audífonos,4,1200,4800
2025-02-24,Sur,Webcam,1,950,950
2025-02-24,Sur,Router,3,900,2700
2025-02-24,Sur,Smartwatch,4,5000,20000
2025-02-24,Centro,Laptop,4,18000,72000
2025-02-24,Centro,Tablet,5,7000,35000
2025-02-24,Centro,Smartphone,6,12000,72000
2025-02-24,Centro,Monitor,7,3500,24500
2025-02-24,Centro,Teclado,7,800,5600
2025-02-24,Centro,Mouse,2,450,900
2025-02-24,Centro,Impresora,6,4200,25200
2025-02-24,Centro,Disco SSD,6,1500,9000
2025-02-24,Centro,Audífonos,4,1200,4800
2025-02-24,Centro,Webcam,6,950,5700
2025-02-24,Centro,Router,8,900,7200
2025-02-24,Centro,Smartwatch,6,5000,30000
2025-02-24,Oriente,Laptop,2,18000,36000
2025-02-24,Oriente,Tablet,3,7000,21000
2025-02-24,Oriente,Smartphone,9,12000,108000
2025-02-24,Oriente,Monitor,6,3500,21000
2025-02-24,Oriente,Teclado,8,800,6400
2025-02-24,Oriente,Mouse,3,450,1350
2025-02-24,Oriente,Impresora,5,4200,21000
2025-02-24,Oriente,Disco SSD,9,1500,13500
2025-02-24,Oriente,Audífonos,5,1200,6000
2025-02-24,Oriente,Webcam,2,950,1900
2025-02-24,Oriente,Router,7,900,6300
2025-02-24,Oriente,Smartwatch,2,5000,10000
2025-02-24,Poniente,Laptop,2,18000,36000
2025-02-24,Poniente,Tablet,6,7000,42000
2025-02-24,Poniente,Smartphone,5,12000,60000
2025-02-24,Poniente,Monitor,7,3500,24500
2025-02-24,Poniente,Teclado,6,800,4800
2025-02-24,Poniente,Mouse,5,450,2250
2025-02-24,Poniente,Impresora,7,4200,29400
2025-02-24,Poniente,Disco SSD,5,1500,7500
2025-02-24,Poniente,Audífonos,5,1200,6000
2025-02-24,Poniente,Webcam,9,950,8550
2025-02-24,Poniente,Router,7,900,6300
2025-02-24,Poniente,Smartwatch,3,5000,15000
2025-02-24,Online,Laptop,7,18000,126000
2025-02-24,Online,Tablet,6,7000,42000
2025-02-24,Online,Smartphone,7,12000,84000
2025-02-24,Online,Monitor,3,3500,10500
2025-02-24,Online,Teclado,4,800,3200
2025-02-24,Online,Mouse,7,450,3150
2025-02-24,Online,Impresora,8,4200,33600
2025-02-24,Online,Disco SSD,5,1500,7500
2025-02-24,Online,Audífonos,5,1200,6000
2025-02-24,Online,Webcam,5,950,4750
2025-02-24,Online,Router,4,900,3600
2025-02-24,Online,Smartwatch,5,5000,25000
2025-02-25,Norte,Laptop,5,18000,90000
2025-02-25,Norte,Tablet,3,7000,21000
2025-02-25,Norte,Smartphone,3,12000,36000
2025-02-25,Norte,Monitor,3,3500,10500
2025-02-25,Norte,Teclado,3,800,2400
2025-02-25,Norte,Mouse,6,450,2700
2025-02-25,Norte,Impresora,6,4200,25200
2025-02-25,Norte,Disco SSD,6,1500,9000
2025-02-25,Norte,Audífonos,5,1200,6000
2025-02-25,Norte,Webcam,3,950,2850
2025-02-25,Norte,Router,6,900,5400
2025-02-25,Norte,Smartwatch,6,5000,30000
2025-02-25,Sur,Laptop,5,18000,90000
2025-02-25,Sur,Tablet,4,7000,28000
2025-02-25,Sur,Smartphone,5,12000,60000
2025-02-25,Sur,Monitor,6,3500,21000
2025-02-25,Sur,Teclado,4,800,3200
2025-02-25,Sur,Mouse,4,450,1800
2025-02-25,Sur,Impresora,4,4200,16800
2025-02-25,Sur,Disco SSD,6,1500,9000
2025-02-25,Sur,Audífonos,4,1200,4800
2025-02-25,Sur,Webcam,3,950,2850
2025-02-25,Sur,Router,4,900,3600
2025-02-25,Sur,Smartwatch,6,5000,30000
2025-02-25,Centro,Laptop,4,18000,72000
2025-02-25,Centro,Tablet,3,7000,21000
2025-02-25,Centro,Smartphone,6,12000,72000
2025-02-25,Centro,Monitor,6,3500,21000
2025-02-25,Centro,Teclado,3,800,2400
2025-02-25,Centro,Mouse,3,450,1350
2025-02-25,Centro,Impresora,2,4200,8400
2025-02-25,Centro,Disco SSD,3,1500,4500
2025-02-25,Centro,Audífonos,5,1200,6000
2025-02-25,Centro,Webcam,7,950,6650
2025-02-25,Centro,Router,3,900,2700
2025-02-25,Centro,Smartwatch,3,5000,15000
2025-02-25,Oriente,Laptop,6,18000,108000
2025-02-25,Oriente,Tablet,7,7000,49000
2025-02-25,Oriente,Smartphone,3,12000,36000
2025-02-25,Oriente,Monitor,6,3500,21000
2025-02-25,Oriente,Teclado,8,800,6400
2025-02-25,Oriente,Mouse,3,450,1350
2025-02-25,Oriente,Impresora,3,4200,12600
2025-02-25,Oriente,Disco SSD,5,1500,7500
2025-02-25,Oriente,Audífonos,5,1200,6000
2025-02-25,Oriente,Webcam,7,950,6650
2025-02-25,Oriente,Router,9,900,8100
2025-02-25,Oriente,Smartwatch,4,5000,20000
2025-02-25,Poniente,Laptop,6,18000,108000
2025-02-25,Poniente,Tablet,6,7000,42000
2025-02-25,Poniente,Smartphone,5,12000,60000
2025-02-25,Poniente,Monitor,6,3500,21000
2025-02-25,Poniente,Teclado,10,800,8000
2025-02-25,Poniente,Mouse,4,450,1800
2025-02-25,Poniente,Impresora,3,4200,12600
2025-02-25,Poniente,Disco SSD,8,1500,12000
2025-02-25,Poniente,Audífonos,6,1200,7200
2025-02-25,Poniente,Webcam,7,950,6650
2025-02-25,Poniente,Router,5,900,4500
2025-02-25,Poniente,Smartwatch,6,5000,30000
2025-02-25,Online,Laptop,2,18000,36000
2025-02-25,Online,Tablet,4,7000,28000
2025-02-25,Online,Smartphone,4,12000,48000
2025-02-25,Online,Monitor,5,3500,17500
2025-02-25,Online,Teclado,6,800,4800
2025-02-25,Online,Mouse,6,450,2700
2025-02-25,Online,Impresora,3,4200,12600
2025-02-25,Online,Disco SSD,6,1500,9000
2025-02-25,Online,Audífonos,3,1200,3600
2025-02-25,Online,Webcam,7,950,6650
2025-02-25,Online,Router,3,900,2700
2025-02-25,Online,Smartwatch,6,5000,30000
2025-02-26,Norte,Laptop,9,18000,162000
2025-02-26,Norte,Tablet,3,7000,21000
2025-02-26,Norte,Smartphone,5,12000,60000
2025-02-26,Norte,Monitor,7,3500,24500
2025-02-26,Norte,Teclado,2,800,1600
2025-02-26,Norte,Mouse,4,450,1800
2025-02-26,Norte,Impresora,4,4200,16800
2025-02-26,Norte,Disco SSD,12,1500,18000
2025-02-26,Norte,Audífonos,3,1200,3600
2025-02-26,Norte,Webcam,4,950,3800
2025-02-26,Norte,Router,7,900,6300
2025-02-26,Norte,Smartwatch,6,5000,30000
2025-02-26,Sur,Laptop,9,18000,162000
2025-02-26,Sur,Tablet,6,7000,42000
2025-02-26,Sur,Smartphone,3,12000,36000
2025-02-26,Sur,Monitor,3,3500,10500
2025-02-26,Sur,Teclado,1,800,800
2025-02-26,Sur,Mouse,4,450,1800
2025-02-26,Sur,Impresora,4,4200,16800
2025-02-26,Sur,Disco SSD,2,1500,3000
2025-02-26,Sur,Audífonos,2,1200,2400
2025-02-26,Sur,Webcam,8,950,7600
2025-02-26,Sur,Router,8,900,7200
2025-02-26,Sur,Smartwatch,6,5000,30000
2025-02-26,Centro,Laptop,7,18000,126000
2025-02-26,Centro,Tablet,1,7000,7000
2025-02-26,Centro,Smartphone,6,12000,72000
2025-02-26,Centro,Monitor,5,3500,17500
2025-02-26,Centro,Teclado,7,800,5600
2025-02-26,Centro,Mouse,11,450,4950
2025-02-26,Centro,Impresora,1,4200,4200
2025-02-26,Centro,Disco SSD,5,1500,7500
2025-02-26,Centro,Audífonos,5,1200,6000
2025-02-26,Centro,Webcam,5,950,4750
2025-02-26,Centro,Router,3,900,2700
2025-02-26,Centro,Smartwatch,4,5000,20000
2025-02-26,Oriente,Laptop,6,18000,108000
2025-02-26,Oriente,Tablet,7,7000,49000
2025-02-26,Oriente,Smartphone,7,12000,84000
2025-02-26,Oriente,Monitor,2,3500,7000
2025-02-26,Oriente,Teclado,5,800,4000
2025-02-26,Oriente,Mouse,8,450,3600
2025-02-26,Oriente,Impresora,6,4200,25200
2025-02-26,Oriente,Disco SSD,8,1500,12000
2025-02-26,Oriente,Audífonos,4,1200,4800
2025-02-26,Oriente,Webcam,4,950,3800
2025-02-26,Oriente,Router,3,900,2700
2025-02-26,Oriente,Smartwatch,2,5000,10000
2025-02-26,Poniente,Laptop,4,18000,72000
2025-02-26,Poniente,Tablet,5,7000,35000
2025-02-26,Poniente,Smartphone,5,12000,60000
2025-02-26,Poniente,Monitor,3,3500,10500
2025-02-26,Poniente,Teclado,4,800,3200
2025-02-26,Poniente,Mouse,3,450,1350
2025-02-26,Poniente,Impresora,9,4200,37800
2025-02-26,Poniente,Disco SSD,2,1500,3000
2025-02-26,Poniente,Audífonos,7,1200,8400
2025-02-26,Poniente,Webcam,5,950,4750
2025-02-26,Poniente,Router,6,900,5400
2025-02-26,Poniente,Smartwatch,5,5000,25000
2025-02-26,Online,Laptop,11,18000,198000
2025-02-26,Online,Tablet,3,7000,21000
2025-02-26,Online,Smartphone,3,12000,36000
2025-02-26,Online,Monitor,5,3500,17500
2025-02-26,Online,Teclado,5,800,4000
2025-02-26,Online,Mouse,3,450,1350
2025-02-26,Online,Impresora,6,4200,25200
2025-02-26,Online,Disco SSD,5,1500,7500
2025-02-26,Online,Audífonos,6,1200,7200
2025-02-26,Online,Webcam,2,950,1900
2025-02-26,Online,Router,5,900,4500
2025-02-26,Online,Smartwatch,6,5000,30000
2025-02-27,Norte,Laptop,2,18000,36000
2025-02-27,Norte,Tablet,8,7000,56000
2025-02-27,Norte,Smartphone,5,12000,60000
2025-02-27,Norte,Monitor,5,3500,17500
2025-02-27,Norte,Teclado,12,800,9600
2025-02-27,Norte,Mouse,4,450,1800
2025-02-27,Norte,Impresora,7,4200,29400
2025-02-27,Norte,Disco SSD,5,1500,7500
2025-02-27,Norte,Audífonos,3,1200,3600
2025-02-27,Norte,Webcam,8,950,7600
2025-02-27,Norte,Router,3,900,2700
2025-02-27,Norte,Smartwatch,3,5000,15000
2025-02-27,Sur,Laptop,6,18000,108000
2025-02-27,Sur,Tablet,4,7000,28000
2025-02-27,Sur,Smartphone,7,12000,84000
2025-02-27,Sur,Monitor,5,3500,17500
2025-02-27,Sur,Teclado,4,800,3200
2025-02-27,Sur,Mouse,3,450,1350
2025-02-27,Sur,Impresora,3,4200,12600
2025-02-27,Sur,Disco SSD,6,1500,9000
2025-02-27,Sur,Audífonos,4,1200,4800
2025-02-27,Sur,Webcam,3,950,2850
2025-02-27,Sur,Router,7,900,6300
2025-02-27,Sur,Smartwatch,2,5000,10000
2025-02-27,Centro,Laptop,7,18000,126000
2025-02-27,Centro,Tablet,3,7000,21000
2025-02-27,Centro,Smartphone,6,12000,72000
2025-02-27,Centro,Monitor,5,3500,17500
2025-02-27,Centro,Teclado,4,800,3200
2025-02-27,Centro,Mouse,3,450,1350
2025-02-27,Centro,Impresora,4,4200,16800
2025-02-27,Centro,Disco SSD,6,1500,9000
2025-02-27,Centro,Audífonos,6,1200,7200
2025-02-27,Centro,Webcam,3,950,2850
2025-02-27,Centro,Router,3,900,2700
2025-02-27,Centro,Smartwatch,4,5000,20000
2025-02-27,Oriente,Laptop,7,18000,126000
2025-02-27,Oriente,Tablet,5,7000,35000
2025-02-27,Oriente,Smartphone,6,12000,72000
2025-02-27,Oriente,Monitor,4,3500,14000
2025-02-27,Oriente,Teclado,2,800,1600
2025-02-27,Oriente,Mouse,4,450,1800
2025-02-27,Oriente,Impresora,6,4200,25200
2025-02-27,Oriente,Disco SSD,6,1500,9000
2025-02-27,Oriente,Audífonos,7,1200,8400
2025-02-27,Oriente,Webcam,6,950,5700
2025-02-27,Oriente,Router,2,900,1800
2025-02-27,Oriente,Smartwatch,6,5000,30000
2025-02-27,Poniente,Laptop,5,18000,90000
2025-02-27,Poniente,Tablet,3,7000,21000
2025-02-27,Poniente,Smartphone,6,12000,72000
2025-02-27,Poniente,Monitor,6,3500,21000
2025-02-27,Poniente,Teclado,11,800,8800
2025-02-27,Poniente,Mouse,5,450,2250
2025-02-27,Poniente,Impresora,7,4200,29400
2025-02-27,Poniente,Disco SSD,5,1500,7500
2025-02-27,Poniente,Audífonos,4,1200,4800
2025-02-27,Poniente,Webcam,1,950,950
2025-02-27,Poniente,Router,7,900,6300
2025-02-27,Poniente,Smartwatch,5,5000,25000
2025-02-27,Online,Laptop,4,18000,72000
2025-02-27,Online,Tablet,6,7000,42000
2025-02-27,Online,Smartphone,1,12000,12000
2025-02-27,Online,Monitor,3,3500,10500
2025-02-27,Online,Teclado,5,800,4000
2025-02-27,Online,Mouse,8,450,3600
2025-02-27,Online,Impresora,5,4200,21000
2025-02-27,Online,Disco SSD,2,1500,3000
2025-02-27,Online,Audífonos,11,1200,13200
2025-02-27,Online,Webcam,8,950,7600
2025-02-27,Online,Router,3,900,2700
2025-02-27,Online,Smartwatch,7,5000,35000
2025-02-28,Norte,Laptop,5,18000,90000
2025-02-28,Norte,Tablet,3,7000,21000
2025-02-28,Norte,Smartphone,10,12000,120000
2025-02-28,Norte,Monitor,6,3500,21000
2025-02-28,Norte,Teclado,7,800,5600
2025-02-28,Norte,Mouse,2,450,900
2025-02-28,Norte,Impresora,4,4200,16800
2025-02-28,Norte,Disco SSD,8,1500,12000
2025-02-28,Norte,Audífonos,6,1200,7200
2025-02-28,Norte,Webcam,4,950,3800
2025-02-28,Norte,Router,7,900,6300
2025-02-28,Norte,Smartwatch,5,5000,25000
2025-02-28,Sur,Laptop,5,18000,90000
2025-02-28,Sur,Tablet,4,7000,28000
2025-02-28,Sur,Smartphone,7,12000,84000
2025-02-28,Sur,Monitor,7,3500,24500
2025-02-28,Sur,Teclado,5,800,4000
2025-02-28,Sur,Mouse,2,450,900
2025-02-28,Sur,Impresora,5,4200,21000
2025-02-28,Sur,Disco SSD,1,1500,1500
2025-02-28,Sur,Audífonos,3,1200,3600
2025-02-28,Sur,Webcam,11,950,10450
2025-02-28,Sur,Router,4,900,3600
2025-02-28,Sur,Smartwatch,6,5000,30000
2025-02-28,Centro,Laptop,5,18000,90000
2025-02-28,Centro,Tablet,11,7000,77000
2025-02-28,Centro,Smartphone,5,12000,60000
2025-02-28,Centro,Monitor,7,3500,24500
2025-02-28,Centro,Teclado,6,800,4800
2025-02-28,Centro,Mouse,6,450,2700
2025-02-28,Centro,Impresora,7,4200,29400
2025-02-28,Centro,Disco SSD,6,1500,9000
2025-02-28,Centro,Audífonos,5,1200,6000
2025-02-28,Centro,Webcam,2,950,1900
2025-02-28,Centro,Router,3,900,2700
2025-02-28,Centro,Smartwatch,2,5000,10000
2025-02-28,Oriente,Laptop,4,18000,72000
2025-02-28,Oriente,Tablet,6,7000,42000
2025-02-28,Oriente,Smartphone,2,12000,24000
2025-02-28,Oriente,Monitor,6,3500,21000
2025-02-28,Oriente,Teclado,6,800,4800
2025-02-28,Oriente,Mouse,7,450,3150
2025-02-28,Oriente,Impresora,5,4200,21000
2025-02-28,Oriente,Disco SSD,2,1500,3000
2025-02-28,Oriente,Audífonos,2,1200,2400
2025-02-28,Oriente,Webcam,7,950,6650
2025-02-28,Oriente,Router,3,900,2700
2025-02-28,Oriente,Smartwatch,8,5000,40000
2025-02-28,Poniente,Laptop,3,18000,54000
2025-02-28,Poniente,Tablet,3,7000,21000
2025-02-28,Poniente,Smartphone,6,12000,72000
2025-02-28,Poniente,Monitor,6,3500,21000
2025-02-28,Poniente,Teclado,4,800,3200
2025-02-28,Poniente,Mouse,5,450,2250
2025-02-28,Poniente,Impresora,7,4200,29400
2025-02-28,Poniente,Disco SSD,5,1500,7500
2025-02-28,Poniente,Audífonos,5,1200,6000
2025-02-28,Poniente,Webcam,5,950,4750
2025-02-28,Poniente,Router,4,900,3600
2025-02-28,Poniente,Smartwatch,6,5000,30000
2025-02-28,Online,Laptop,2,18000,36000
2025-02-28,Online,Tablet,4,7000,28000
2025-02-28,Online,Smartphone,5,12000,60000
2025-02-28,Online,Monitor,7,3500,24500
2025-02-28,Online,Teclado,3,800,2400
2025-02-28,Online,Mouse,9,450,4050
2025-02-28,Online,Impresora,2,4200,8400
2025-02-28,Online,Disco SSD,3,1500,4500
2025-02-28,Online,Audífonos,6,1200,7200
2025-02-28,Online,Webcam,5,950,4750
2025-02-28,Online,Router,7,900,6300
2025-02-28,Online,Smartwatch,2,5000,10000
2025-03-01,Norte,Laptop,8,18000,144000
2025-03-01,Norte,Tablet,7,7000,49000
2025-03-01,Norte,Smartphone,2,12000,24000
2025-03-01,Norte,Monitor,6,3500,21000
2025-03-01,Norte,Teclado,3,800,2400
2025-03-01,Norte,Mouse,4,450,1800
2025-03-01,Norte,Impresora,5,4200,21000
2025-03-01,Norte,Disco SSD,4,1500,6000
2025-03-01,Norte,Audífonos,6,1200,7200
2025-03-01,Norte,Webcam,5,950,4750
2025-03-01,Norte,Router,6,900,5400
2025-03-01,Norte,Smartwatch,3,5000,15000
2025-03-01,Sur,Laptop,4,18000,72000
2025-03-01,Sur,Tablet,3,7000,21000
2025-03-01,Sur,Smartphone,4,12000,48000
2025-03-01,Sur,Monitor,4,3500,14000
2025-03-01,Sur,Teclado,5,800,4000
2025-03-01,Sur,Mouse,4,450,1800
2025-03-01,Sur,Impresora,6,4200,25200
2025-03-01,Sur,Disco SSD,5,1500,7500
2025-03-01,Sur,Audífonos,7,1200,8400
2025-03-01,Sur,Webcam,5,950,4750
2025-03-01,Sur,Router,5,900,4500
2025-03-01,Sur,Smartwatch,6,5000,30000
2025-03-01,Centro,Laptop,3,18000,54000
2025-03-01,Centro,Tablet,7,7000,49000
2025-03-01,Centro,Smartphone,6,12000,72000
2025-03-01,Centro,Monitor,7,3500,24500
2025-03-01,Centro,Teclado,7,800,5600
2025-03-01,Centro,Mouse,5,450,2250
2025-03-01,Centro,Impresora,5,4200,21000
2025-03-01,Centro,Disco SSD,5,1500,7500
2025-03-01,Centro,Audífonos,7,1200,8400
2025-03-01,Centro,Webcam,3,950,2850
2025-03-01,Centro,Router,6,900,5400
2025-03-01,Centro,Smartwatch,6,5000,30000
2025-03-01,Oriente,Laptop,3,18000,54000
2025-03-01,Oriente,Tablet,8,7000,56000
2025-03-01,Oriente,Smartphone,7,12000,84000
2025-03-01,Oriente,Monitor,3,3500,10500
2025-03-01,Oriente,Teclado,4,800,3200
2025-03-01,Oriente,Mouse,2,450,900
2025-03-01,Oriente,Impresora,4,4200,16800
2025-03-01,Oriente,Disco SSD,3,1500,4500
2025-03-01,Oriente,Audífonos,5,1200,6000
2025-03-01,Oriente,Webcam,6,950,5700
2025-03-01,Oriente,Router,6,900,5400
2025-03-01,Oriente,Smartwatch,4,5000,20000
2025-03-01,Poniente,Laptop,4,18000,72000
2025-03-01,Poniente,Tablet,5,7000,35000
2025-03-01,Poniente,Smartphone,8,12000,96000
2025-03-01,Poniente,Monitor,5,3500,17500
2025-03-01,Poniente,Teclado,8,800,6400
2025-03-01,Poniente,Mouse,2,450,900
2025-03-01,Poniente,Impresora,7,4200,29400
2025-03-01,Poniente,Disco SSD,11,1500,16500
2025-03-01,Poniente,Audífonos,4,1200,4800
2025-03-01,Poniente,Webcam,6,950,5700
2025-03-01,Poniente,Router,3,900,2700
2025-03-01,Poniente,Smartwatch,3,5000,15000
2025-03-01,Online,Laptop,1,18000,18000
2025-03-01,Online,Tablet,3,7000,21000
2025-03-01,Online,Smartphone,6,12000,72000
2025-03-01,Online,Monitor,3,3500,10500
2025-03-01,Online,Teclado,2,800,1600
2025-03-01,Online,Mouse,6,450,2700
2025-03-01,Online,Impresora,4,4200,16800
2025-03-01,Online,Disco SSD,3,1500,4500
2025-03-01,Online,Audífonos,6,1200,7200
2025-03-01,Online,Webcam,2,950,1900
2025-03-01,Online,Router,3,900,2700
2025-03-01,Online,Smartwatch,10,5000,50000
2025-03-02,Norte,Laptop,7,18000,126000
2025-03-02,Norte,Tablet,4,7000,28000
2025-03-02,Norte,Smartphone,1,12000,12000
2025-03-02,Norte,Monitor,3,3500,10500
2025-03-02,Norte,Teclado,7,800,5600
2025-03-02,Norte,Mouse,7,450,3150
2025-03-02,Norte,Impresora,3,4200,12600
2025-03-02,Norte,Disco SSD,7,1500,10500
2025-03-02,Norte,Audífonos,2,1200,2400
2025-03-02,Norte,Webcam,5,950,4750
2025-03-02,Norte,Router,2,900,1800
2025-03-02,Norte,Smartwatch,4,5000,20000
2025-03-02,Sur,Laptop,5,18000,90000
2025-03-02,Sur,Tablet,3,7000,21000
2025-03-02,Sur,Smartphone,4,12000,48000
2025-03-02,Sur,Monitor,5,3500,17500
2025-03-02,Sur,Teclado,2,800,1600
2025-03-02,Sur,Mouse,5,450,2250
2025-03-02,Sur,Impresora,6,4200,25200
2025-03-02,Sur,Disco SSD,2,1500,3000
2025-03-02,Sur,Audífonos,5,1200,6000
2025-03-02,Sur,Webcam,5,950,4750
2025-03-02,Sur,Router,7,900,6300
2025-03-02,Sur,Smartwatch,8,5000,40000
2025-03-02,Centro,Laptop,7,18000,126000
2025-03-02,Centro,Tablet,4,7000,28000
2025-03-02,Centro,Smartphone,7,12000,84000
2025-03-02,Centro,Monitor,6,3500,21000
2025-03-02,Centro,Teclado,7,800,5600
2025-03-02,Centro,Mouse,5,450,2250
2025-03-02,Centro,Impresora,5,4200,21000
2025-03-02,Centro,Disco SSD,5,1500,7500
2025-03-02,Centro,Audífonos,7,1200,8400
2025-03-02,Centro,Webcam,5,950,4750
2025-03-02,Centro,Router,2,900,1800
2025-03-02,Centro,Smartwatch,4,5000,20000
2025-03-02,Oriente,Laptop,7,18000,126000
2025-03-02,Oriente,Tablet,7,7000,49000
2025-03-02,Oriente,Smartphone,6,12000,72000
2025-03-02,Oriente,Monitor,3,3500,10500
2025-03-02,Oriente,Teclado,1,800,800
2025-03-02,Oriente,Mouse,4,450,1800
2025-03-02,Oriente,Impresora,9,4200,37800
2025-03-02,Oriente,Disco SSD,5,1500,7500
2025-03-02,Oriente,Audífonos,4,1200,4800
2025-03-02,Oriente,Webcam,4,950,3800
2025-03-02,Oriente,Router,7,900,6300
2025-03-02,Oriente,Smartwatch,4,5000,20000
2025-03-02,Poniente,Laptop,6,18000,108000
2025-03-02,Poniente,Tablet,2,7000,14000
2025-03-02,Poniente,Smartphone,7,12000,84000
2025-03-02,Poniente,Monitor,3,3500,10500
2025-03-02,Poniente,Teclado,3,800,2400
2025-03-02,Poniente,Mouse,6,450,2700
2025-03-02,Poniente,Impresora,4,4200,16800
2025-03-02,Poniente,Disco SSD,7,1500,10500
2025-03-02,Poniente,Audífonos,6,1200,7200
2025-03-02,Poniente,Webcam,8,950,7600
2025-03-02,Poniente,Router,3,900,2700
2025-03-02,Poniente,Smartwatch,5,5000,25000
2025-03-02,Online,Laptop,6,18000,108000
2025-03-02,Online,Tablet,3,7000,21000
2025-03-02,Online,Smartphone,4,12000,48000
2025-03-02,Online,Monitor,8,3500,28000
2025-03-02,Online,Teclado,4,800,3200
2025-03-02,Online,Mouse,4,450,1800
2025-03-02,Online,Impresora,4,4200,16800
2025-03-02,Online,Disco SSD,4,1500,6000
2025-03-02,Online,Audífonos,8,1200,9600
2025-03-02,Online,Webcam,7,950,6650
2025-03-02,Online,Router,7,900,6300
2025-03-02,Online,Smartwatch,5,5000,25000
2025-03-03,Norte,Laptop,7,18000,126000
2025-03-03,Norte,Tablet,4,7000,28000
2025-03-03,Norte,Smartphone,7,12000,84000
2025-03-03,Norte,Monitor,2,3500,7000
2025-03-03,Norte,Teclado,2,800,1600
2025-03-03,Norte,Mouse,5,450,2250
2025-03-03,Norte,Impresora,5,4200,21000
2025-03-03,Norte,Disco SSD,8,1500,12000
2025-03-03,Norte,Audífonos,6,1200,7200
2025-03-03,Norte,Webcam,5,950,4750
2025-03-03,Norte,Router,8,900,7200
2025-03-03,Norte,Smartwatch,5,5000,25000
2025-03-03,Sur,Laptop,7,18000,126000
2025-03-03,Sur,Tablet,4,7000,28000
2025-03-03,Sur,Smartphone,7,12000,84000
2025-03-03,Sur,Monitor,6,3500,21000
2025-03-03,Sur,Teclado,5,800,4000
2025-03-03,Sur,Mouse,3,450,1350
2025-03-03,Sur,Impresora,5,4200,21000
2025-03-03,Sur,Disco SSD,5,1500,7500
2025-03-03,Sur,Audífonos,4,1200,4800
2025-03-03,Sur,Webcam,1,950,950
2025-03-03,Sur,Router,6,900,5400
2025-03-03,Sur,Smartwatch,6,5000,30000
2025-03-03,Centro,Laptop,7,18000,126000
2025-03-03,Centro,Tablet,8,7000,56000
2025-03-03,Centro,Smartphone,7,12000,84000
2025-03-03,Centro,Monitor,1,3500,3500
2025-03-03,Centro,Teclado,5,800,4000
2025-03-03,Centro,Mouse,4,450,1800
2025-03-03,Centro,Impresora,8,4200,33600
2025-03-03,Centro,Disco SSD,3,1500,4500
2025-03-03,Centro,Audífonos,1,1200,1200
2025-03-03,Centro,Webcam,2,950,1900
2025-03-03,Centro,Router,3,900,2700
2025-03-03,Centro,Smartwatch,7,5000,35000
2025-03-03,Oriente,Laptop,4,18000,72000
2025-03-03,Oriente,Tablet,7,7000,49000
2025-03-03,Oriente,Smartphone,11,12000,132000
2025-03-03,Oriente,Monitor,3,3500,10500
2025-03-03,Oriente,Teclado,7,800,5600
2025-03-03,Oriente,Mouse,5,450,2250
2025-03-03,Oriente,Impresora,9,4200,37800
2025-03-03,Oriente,Disco SSD,5,1500,7500
2025-03-03,Oriente,Audífonos,7,1200,8400
2025-03-03,Oriente,Webcam,4,950,3800
2025-03-03,Oriente,Router,3,900,2700
2025-03-03,Oriente,Smartwatch,5,5000,25000
2025-03-03,Poniente,Laptop,4,18000,72000
2025-03-03,Poniente,Tablet,8,7000,56000
2025-03-03,Poniente,Smartphone,4,12000,48000
2025-03-03,Poniente,Monitor,3,3500,10500
2025-03-03,Poniente,Teclado,5,800,4000
2025-03-03,Poniente,Mouse,2,450,900
2025-03-03,Poniente,Impresora,6,4200,25200
2025-03-03,Poniente,Disco SSD,6,1500,9000
2025-03-03,Poniente,Audífonos,3,1200,3600
2025-03-03,Poniente,Webcam,4,950,3800
2025-03-03,Poniente,Router,5,900,4500
2025-03-03,Poniente,Smartwatch,7,5000,35000
2025-03-03,Online,Laptop,6,18000,108000
2025-03-03,Online,Tablet,3,7000,21000
2025-03-03,Online,Smartphone,6,12000,72000
2025-03-03,Online,Monitor,3,3500,10500
2025-03-03,Online,Teclado,6,800,4800
2025-03-03,Online,Mouse,2,450,900
2025-03-03,Online,Impresora,3,4200,12600
2025-03-03,Online,Disco SSD,4,1500,6000
2025-03-03,Online,Audífonos,11,1200,13200
2025-03-03,Online,Webcam,5,950,4750
2025-03-03,Online,Router,4,900,3600
2025-03-03,Online,Smartwatch,3,5000,15000
2025-03-04,Norte,Laptop,2,18000,36000
2025-03-04,Norte,Tablet,7,7000,49000
2025-03-04,Norte,Smartphone,4,12000,48000
2025-03-04,Norte,Monitor,1,3500,3500
2025-03-04,Norte,Teclado,0,800,0
2025-03-04,Norte,Mouse,6,450,2700
2025-03-04,Norte,Impresora,5,4200,21000
2025-03-04,Norte,Disco SSD,5,1500,7500
2025-03-04,Norte,Audífonos,9,1200,10800
2025-03-04,Norte,Webcam,1,950,950
2025-03-04,Norte,Router,2,900,1800
2025-03-04,Norte,Smartwatch,5,5000,25000
2025-03-04,Sur,Laptop,4,18000,72000
2025-03-04,Sur,Tablet,5,7000,35000
2025-03-04,Sur,Smartphone,8,12000,96000
2025-03-04,Sur,Monitor,7,3500,24500
2025-03-04,Sur,Teclado,5,800,4000
2025-03-04,Sur,Mouse,6,450,2700
2025-03-04,Sur,Impresora,4,4200,16800
2025-03-04,Sur,Disco SSD,4,1500,6000
2025-03-04,Sur,Audífonos,5,1200,6000
2025-03-04,Sur,Webcam,5,950,4750
2025-03-04,Sur,Router,3,900,2700
2025-03-04,Sur,Smartwatch,6,5000,30000
2025-03-04,Centro,Laptop,8,18000,144000
2025-03-04,Centro,Tablet,3,7000,21000
2025-03-04,Centro,Smartphone,6,12000,72000
2025-03-04,Centro,Monitor,3,3500,10500
2025-03-04,Centro,Teclado,8,800,6400
2025-03-04,Centro,Mouse,3,450,1350
2025-03-04,Centro,Impresora,11,4200,46200
2025-03-04,Centro,Disco SSD,8,1500,12000
2025-03-04,Centro,Audífonos,10,1200,12000
2025-03-04,Centro,Webcam,7,950,6650
2025-03-04,Centro,Router,9,900,8100
2025-03-04,Centro,Smartwatch,7,5000,35000
2025-03-04,Oriente,Laptop,8,18000,144000
2025-03-04,Oriente,Tablet,8,7000,56000
2025-03-04,Oriente,Smartphone,4,12000,48000
2025-03-04,Oriente,Monitor,5,3500,17500
2025-03-04,Oriente,Teclado,6,800,4800
2025-03-04,Oriente,Mouse,5,450,2250
2025-03-04,Oriente,Impresora,2,4200,8400
2025-03-04,Oriente,Disco SSD,5,1500,7500
2025-03-04,Oriente,Audífonos,3,1200,3600
2025-03-04,Oriente,Webcam,7,950,6650
2025-03-04,Oriente,Router,1,900,900
2025-03-04,Oriente,Smartwatch,1,5000,5000
2025-03-04,Poniente,Laptop,3,18000,54000
2025-03-04,Poniente,Tablet,2,7000,14000
2025-03-04,Poniente,Smartphone,5,12000,60000
2025-03-04,Poniente,Monitor,0,3500,0
2025-03-04,Poniente,Teclado,4,800,3200
2025-03-04,Poniente,Mouse,4,450,1800
2025-03-04,Poniente,Impresora,3,4200,12600
2025-03-04,Poniente,Disco SSD,2,1500,3000
2025-03-04,Poniente,Audífonos,5,1200,6000
2025-03-04,Poniente,Webcam,5,950,4750
2025-03-04,Poniente,Router,3,900,2700
2025-03-04,Poniente,Smartwatch,2,5000,10000
2025-03-04,Online,Laptop,6,18000,108000
2025-03-04,Online,Tablet,2,7000,14000
2025-03-04,Online,Smartphone,7,12000,84000
2025-03-04,Online,Monitor,5,3500,17500
2025-03-04,Online,Teclado,10,800,8000
2025-03-04,Online,Mouse,2,450,900
2025-03-04,Online,Impresora,6,4200,25200
2025-03-04,Online,Disco SSD,6,1500,9000
2025-03-04,Online,Audífonos,6,1200,7200
2025-03-04,Online,Webcam,4,950,3800
2025-03-04,Online,Router,6,900,5400
2025-03-04,Online,Smartwatch,6,5000,30000
2025-03-05,Norte,Laptop,2,18000,36000
2025-03-05,Norte,Tablet,3,7000,21000
2025-03-05,Norte,Smartphone,3,12000,36000
2025-03-05,Norte,Monitor,6,3500,21000
2025-03-05,Norte,Teclado,2,800,1600
2025-03-05,Norte,Mouse,5,450,2250
2025-03-05,Norte,Impresora,3,4200,12600
2025-03-05,Norte,Disco SSD,8,1500,12000
2025-03-05,Norte,Audífonos,3,1200,3600
2025-03-05,Norte,Webcam,7,950,6650
2025-03-05,Norte,Router,2,900,1800
2025-03-05,Norte,Smartwatch,4,5000,20000
2025-03-05,Sur,Laptop,3,18000,54000
2025-03-05,Sur,Tablet,6,7000,42000
2025-03-05,Sur,Smartphone,5,12000,60000
2025-03-05,Sur,Monitor,2,3500,7000
2025-03-05,Sur,Teclado,12,800,9600
2025-03-05,Sur,Mouse,1,450,450
2025-03-05,Sur,Impresora,4,4200,16800
2025-03-05,Sur,Disco SSD,6,1500,9000
2025-03-05,Sur,Audífonos,4,1200,4800
2025-03-05,Sur,Webcam,7,950,6650
2025-03-05,Sur,Router,5,900,4500
2025-03-05,Sur,Smartwatch,4,5000,20000
2025-03-05,Centro,Laptop,7,18000,126000
2025-03-05,Centro,Tablet,7,7000,49000
2025-03-05,Centro,Smartphone,2,12000,24000
2025-03-05,Centro,Monitor,5,3500,17500
2025-03-05,Centro,Teclado,3,800,2400
2025-03-05,Centro,Mouse,4,450,1800
2025-03-05,Centro,Impresora,5,4200,21000
2025-03-05,Centro,Disco SSD,7,1500,10500
2025-03-05,Centro,Audífonos,6,1200,7200
2025-03-05,Centro,Webcam,3,950,2850
2025-03-05,Centro,Router,6,900,5400
2025-03-05,Centro,Smartwatch,3,5000,15000
2025-03-05,Oriente,Laptop,4,18000,72000
2025-03-05,Oriente,Tablet,5,7000,35000
2025-03-05,Oriente,Smartphone,4,12000,48000
2025-03-05,Oriente,Monitor,5,3500,17500
2025-03-05,Oriente,Teclado,4,800,3200
2025-03-05,Oriente,Mouse,9,450,4050
2025-03-05,Oriente,Impresora,6,4200,25200
2025-03-05,Oriente,Disco SSD,1,1500,1500
2025-03-05,Oriente,Audífonos,5,1200,6000
2025-03-05,Oriente,Webcam,7,950,6650
2025-03-05,Oriente,Router,2,900,1800
2025-03-05,Oriente,Smartwatch,4,5000,20000
2025-03-05,Poniente,Laptop,4,18000,72000
2025-03-05,Poniente,Tablet,2,7000,14000
2025-03-05,Poniente,Smartphone,4,12000,48000
2025-03-05,Poniente,Monitor,6,3500,21000
2025-03-05,Poniente,Teclado,3,800,2400
2025-03-05,Poniente,Mouse,4,450,1800
2025-03-05,Poniente,Impresora,2,4200,8400
2025-03-05,Poniente,Disco SSD,6,1500,9000
2025-03-05,Poniente,Audífonos,3,1200,3600
2025-03-05,Poniente,Webcam,4,950,3800
2025-03-05,Poniente,Router,4,900,3600
2025-03-05,Poniente,Smartwatch,4,5000,20000
2025-03-05,Online,Laptop,4,18000,72000
2025-03-05,Online,Tablet,6,7000,42000
2025-03-05,Online,Smartphone,4,12000,48000
2025-03-05,Online,Monitor,7,3500,24500
2025-03-05,Online,Teclado,4,800,3200
2025-03-05,Online,Mouse,3,450,1350
2025-03-05,Online,Impresora,2,4200,8400
2025-03-05,Online,Disco SSD,4,1500,6000
2025-03-05,Online,Audífonos,3,1200,3600
2025-03-05,Online,Webcam,1,950,950
2025-03-05,Online,Router,4,900,3600
2025-03-05,Online,Smartwatch,5,5000,25000
2025-03-06,Norte,Laptop,5,18000,90000
2025-03-06,Norte,Tablet,4,7000,28000
2025-03-06,Norte,Smartphone,3,12000,36000
2025-03-06,Norte,Monitor,3,3500,10500
2025-03-06,Norte,Teclado,6,800,4800
2025-03-06,Norte,Mouse,1,450,450
2025-03-06,Norte,Impresora,5,4200,21000
2025-03-06,Norte,Disco SSD,4,1500,6000
2025-03-06,Norte,Audífonos,6,1200,7200
2025-03-06,Norte,Webcam,6,950,5700
2025-03-06,Norte,Router,8,900,7200
2025-03-06,Norte,Smartwatch,4,5000,20000
2025-03-06,Sur,Laptop,1,18000,18000
2025-03-06,Sur,Tablet,7,7000,49000
2025-03-06,Sur,Smartphone,9,12000,108000
2025-03-06,Sur,Monitor,2,3500,7000
2025-03-06,Sur,Teclado,5,800,4000
2025-03-06,Sur,Mouse,6,450,2700
2025-03-06,Sur,Impresora,2,4200,8400
2025-03-06,Sur,Disco SSD,10,1500,15000
2025-03-06,Sur,Audífonos,5,1200,6000
2025-03-06,Sur,Webcam,2,950,1900
2025-03-06,Sur,Router,5,900,4500
2025-03-06,Sur,Smartwatch,7,5000,35000
2025-03-06,Centro,Laptop,5,18000,90000
2025-03-06,Centro,Tablet,5,7000,35000
2025-03-06,Centro,Smartphone,3,12000,36000
2025-03-06,Centro,Monitor,7,3500,24500
2025-03-06,Centro,Teclado,2,800,1600
2025-03-06,Centro,Mouse,11,450,4950
2025-03-06,Centro,Impresora,6,4200,25200
2025-03-06,Centro,Disco SSD,5,1500,7500
2025-03-06,Centro,Audífonos,6,1200,7200
2025-03-06,Centro,Webcam,4,950,3800
2025-03-06,Centro,Router,4,900,3600
2025-03-06,Centro,Smartwatch,5,5000,25000
2025-03-06,Oriente,Laptop,5,18000,90000
2025-03-06,Oriente,Tablet,1,7000,7000
2025-03-06,Oriente,Smartphone,7,12000,84000
2025-03-06,Oriente,Monitor,9,3500,31500
2025-03-06,Oriente,Teclado,6,800,4800
2025-03-06,Oriente,Mouse,6,450,2700
2025-03-06,Oriente,Impresora,3,4200,12600
2025-03-06,Oriente,Disco SSD,6,1500,9000
2025-03-06,Oriente,Audífonos,8,1200,9600
2025-03-06,Oriente,Webcam,8,950,7600
2025-03-06,Oriente,Router,8,900,7200
2025-03-06,Oriente,Smartwatch,6,5000,30000
2025-03-06,Poniente,Laptop,4,18000,72000
2025-03-06,Poniente,Tablet,3,7000,21000
2025-03-06,Poniente,Smartphone,5,12000,60000
2025-03-06,Poniente,Monitor,5,3500,17500
2025-03-06,Poniente,Teclado,3,800,2400
2025-03-06,Poniente,Mouse,4,450,1800
2025-03-06,Poniente,Impresora,6,4200,25200
2025-03-06,Poniente,Disco SSD,4,1500,6000
2025-03-06,Poniente,Audífonos,6,1200,7200
2025-03-06,Poniente,Webcam,3,950,2850
2025-03-06,Poniente,Router,3,900,2700
2025-03-06,Poniente,Smartwatch,4,5000,20000
2025-03-06,Online,Laptop,5,18000,90000
2025-03-06,Online,Tablet,3,7000,21000
2025-03-06,Online,Smartphone,9,12000,108000
2025-03-06,Online,Monitor,3,3500,10500
2025-03-06,Online,Teclado,4,800,3200
2025-03-06,Online,Mouse,5,450,2250
2025-03-06,Online,Impresora,1,4200,4200
2025-03-06,Online,Disco SSD,2,1500,3000
2025-03-06,Online,Audífonos,5,1200,6000
2025-03-06,Online,Webcam,6,950,5700
2025-03-06,Online,Router,3,900,2700
2025-03-06,Online,Smartwatch,5,5000,25000
2025-03-07,Norte,Laptop,5,18000,90000
2025-03-07,Norte,Tablet,6,7000,42000
2025-03-07,Norte,Smartphone,1,12000,12000
2025-03-07,Norte,Monitor,6,3500,21000
2025-03-07,Norte,Teclado,5,800,4000
2025-03-07,Norte,Mouse,7,450,3150
2025-03-07,Norte,Impresora,2,4200,8400
2025-03-07,Norte,Disco SSD,2,1500,3000
2025-03-07,Norte,Audífonos,3,1200,3600
2025-03-07,Norte,Webcam,2,950,1900
2025-03-07,Norte,Router,4,900,3600
2025-03-07,Norte,Smartwatch,3,5000,15000
2025-03-07,Sur,Laptop,5,18000,90000
2025-03-07,Sur,Tablet,5,7000,35000
2025-03-07,Sur,Smartphone,5,12000,60000
2025-03-07,Sur,Monitor,7,3500,24500
2025-03-07,Sur,Teclado,4,800,3200
2025-03-07,Sur,Mouse,4,450,1800
2025-03-07,Sur,Impresora,3,4200,12600
2025-03-07,Sur,Disco SSD,6,1500,9000
2025-03-07,Sur,Audífonos,4,1200,4800
2025-03-07,Sur,Webcam,5,950,4750
2025-03-07,Sur,Router,5,900,4500
2025-03-07,Sur,Smartwatch,7,5000,35000
2025-03-07,Centro,Laptop,3,18000,54000
2025-03-07,Centro,Tablet,7,7000,49000
2025-03-07,Centro,Smartphone,3,12000,36000
2025-03-07,Centro,Monitor,6,3500,21000
2025-03-07,Centro,Teclado,6,800,4800
2025-03-07,Centro,Mouse,3,450,1350
2025-03-07,Centro,Impresora,5,4200,21000
2025-03-07,Centro,Disco SSD,4,1500,6000
2025-03-07,Centro,Audífonos,7,1200,8400
2025-03-07,Centro,Webcam,6,950,5700
2025-03-07,Centro,Router,4,900,3600
2025-03-07,Centro,Smartwatch,3,5000,15000
2025-03-07,Oriente,Laptop,4,18000,72000
2025-03-07,Oriente,Tablet,3,7000,21000
2025-03-07,Oriente,Smartphone,10,12000,120000
2025-03-07,Oriente,Monitor,4,3500,14000
2025-03-07,Oriente,Teclado,1,800,800
2025-03-07,Oriente,Mouse,3,450,1350
2025-03-07,Oriente,Impresora,4,4200,16800
2025-03-07,Oriente,Disco SSD,4,1500,6000
2025-03-07,Oriente,Audífonos,4,1200,4800
2025-03-07,Oriente,Webcam,5,950,4750
2025-03-07,Oriente,Router,5,900,4500
2025-03-07,Oriente,Smartwatch,7,5000,35000
2025-03-07,Poniente,Laptop,5,18000,90000
2025-03-07,Poniente,Tablet,11,7000,77000
2025-03-07,Poniente,Smartphone,4,12000,48000
2025-03-07,Poniente,Monitor,3,3500,10500
2025-03-07,Poniente,Teclado,4,800,3200
2025-03-07,Poniente,Mouse,0,450,0
2025-03-07,Poniente,Impresora,6,4200,25200
2025-03-07,Poniente,Disco SSD,7,1500,10500
2025-03-07,Poniente,Audífonos,1,1200,1200
2025-03-07,Poniente,Webcam,5,950,4750
2025-03-07,Poniente,Router,6,900,5400
2025-03-07,Poniente,Smartwatch,4,5000,20000
2025-03-07,Online,Laptop,3,18000,54000
2025-03-07,Online,Tablet,3,7000,21000
2025-03-07,Online,Smartphone,3,12000,36000
2025-03-07,Online,Monitor,4,3500,14000
2025-03-07,Online,Teclado,6,800,4800
2025-03-07,Online,Mouse,3,450,1350
2025-03-07,Online,Impresora,4,4200,16800
2025-03-07,Online,Disco SSD,6,1500,9000
2025-03-07,Online,Audífonos,5,1200,6000
2025-03-07,Online,Webcam,7,950,6650
2025-03-07,Online,Router,5,900,4500
2025-03-07,Online,Smartwatch,1,5000,5000
2025-03-08,Norte,Laptop,8,18000,144000
2025-03-08,Norte,Tablet,6,7000,42000
2025-03-08,Norte,Smartphone,4,12000,48000
2025-03-08,Norte,Monitor,10,3500,35000
2025-03-08,Norte,Teclado,3,800,2400
2025-03-08,Norte,Mouse,5,450,2250
2025-03-08,Norte,Impresora,6,4200,25200
2025-03-08,Norte,Disco SSD,5,1500,7500
2025-03-08,Norte,Audífonos,7,1200,8400
2025-03-08,Norte,Webcam,6,950,5700
2025-03-08,Norte,Router,3,900,2700
2025-03-08,Norte,Smartwatch,8,5000,40000
2025-03-08,Sur,Laptop,6,18000,108000
2025-03-08,Sur,Tablet,7,7000,49000
2025-03-08,Sur,Smartphone,6,12000,72000
2025-03-08,Sur,Monitor,4,3500,14000
2025-03-08,Sur,Teclado,6,800,4800
2025-03-08,Sur,Mouse,6,450,2700
2025-03-08,Sur,Impresora,4,4200,16800
2025-03-08,Sur,Disco SSD,3,1500,4500
2025-03-08,Sur,Audífonos,6,1200,7200
2025-03-08,Sur,Webcam,2,950,1900
2025-03-08,Sur,Router,7,900,6300
2025-03-08,Sur,Smartwatch,6,5000,30000
2025-03-08,Centro,Laptop,2,18000,36000
2025-03-08,Centro,Tablet,6,7000,42000
2025-03-08,Centro,Smartphone,3,12000,36000
2025-03-08,Centro,Monitor,5,3500,17500
2025-03-08,Centro,Teclado,6,800,4800
2025-03-08,Centro,Mouse,3,450,1350
2025-03-08,Centro,Impresora,6,4200,25200
2025-03-08,Centro,Disco SSD,7,1500,10500
2025-03-08,Centro,Audífonos,4,1200,4800
2025-03-08,Centro,Webcam,3,950,2850
2025-03-08,Centro,Router,9,900,8100
2025-03-08,Centro,Smartwatch,7,5000,35000
2025-03-08,Oriente,Laptop,6,18000,108000
2025-03-08,Oriente,Tablet,11,7000,77000
2025-03-08,Oriente,Smartphone,1,12000,12000
2025-03-08,Oriente,Monitor,7,3500,24500
2025-03-08,Oriente,Teclado,7,800,5600
2025-03-08,Oriente,Mouse,4,450,1800
2025-03-08,Oriente,Impresora,4,4200,16800
2025-03-08,Oriente,Disco SSD,2,1500,3000
2025-03-08,Oriente,Audífonos,6,1200,7200
2025-03-08,Oriente,Webcam,5,950,4750
2025-03-08,Oriente,Router,6,900,5400
2025-03-08,Oriente,Smartwatch,9,5000,45000
2025-03-08,Poniente,Laptop,6,18000,108000
2025-03-08,Poniente,Tablet,6,7000,42000
2025-03-08,Poniente,Smartphone,7,12000,84000
2025-03-08,Poniente,Monitor,6,3500,21000
2025-03-08,Poniente,Teclado,8,800,6400
2025-03-08,Poniente,Mouse,2,450,900
2025-03-08,Poniente,Impresora,5,4200,21000
2025-03-08,Poniente,Disco SSD,10,1500,15000
2025-03-08,Poniente,Audífonos,3,1200,3600
2025-03-08,Poniente,Webcam,6,950,5700
2025-03-08,Poniente,Router,6,900,5400
2025-03-08,Poniente,Smartwatch,7,5000,35000
2025-03-08,Online,Laptop,3,18000,54000
2025-03-08,Online,Tablet,10,7000,70000
2025-03-08,Online,Smartphone,4,12000,48000
2025-03-08,Online,Monitor,5,3500,17500
2025-03-08,Online,Teclado,1,800,800
2025-03-08,Online,Mouse,4,450,1800
2025-03-08,Online,Impresora,4,4200,16800
2025-03-08,Online,Disco SSD,6,1500,9000
2025-03-08,Online,Audífonos,2,1200,2400
2025-03-08,Online,Webcam,5,950,4750
2025-03-08,Online,Router,5,900,4500
2025-03-08,Online,Smartwatch,5,5000,25000
2025-03-09,Norte,Laptop,7,18000,126000
2025-03-09,Norte,Tablet,7,7000,49000
2025-03-09,Norte,Smartphone,6,12000,72000
2025-03-09,Norte,Monitor,4,3500,14000
2025-03-09,Norte,Teclado,5,800,4000
2025-03-09,Norte,Mouse,2,450,900
2025-03-09,Norte,Impresora,4,4200,16800
2025-03-09,Norte,Disco SSD,9,1500,13500
2025-03-09,Norte,Audífonos,6,1200,7200
2025-03-09,Norte,Webcam,4,950,3800
2025-03-09,Norte,Router,8,900,7200
2025-03-09,Norte,Smartwatch,5,5000,25000
2025-03-09,Sur,Laptop,8,18000,144000
2025-03-09,Sur,Tablet,3,7000,21000
2025-03-09,Sur,Smartphone,3,12000,36000
2025-03-09,Sur,Monitor,3,3500,10500
2025-03-09,Sur,Teclado,5,800,4000
2025-03-09,Sur,Mouse,8,450,3600
2025-03-09,Sur,Impresora,9,4200,37800
2025-03-09,Sur,Disco SSD,7,1500,10500
2025-03-09,Sur,Audífonos,4,1200,4800
2025-03-09,Sur,Webcam,6,950,5700
2025-03-09,Sur,Router,7,900,6300
2025-03-09,Sur,Smartwatch,2,5000,10000
2025-03-09,Centro,Laptop,3,18000,54000
2025-03-09,Centro,Tablet,2,7000,14000
2025-03-09,Centro,Smartphone,4,12000,48000
2025-03-09,Centro,Monitor,5,3500,17500
2025-03-09,Centro,Teclado,6,800,4800
2025-03-09,Centro,Mouse,4,450,1800
2025-03-09,Centro,Impresora,0,4200,0
2025-03-09,Centro,Disco SSD,6,1500,9000
2025-03-09,Centro,Audífonos,4,1200,4800
2025-03-09,Centro,Webcam,3,950,2850
2025-03-09,Centro,Router,5,900,4500
2025-03-09,Centro,Smartwatch,6,5000,30000
2025-03-09,Oriente,Laptop,4,18000,72000
2025-03-09,Oriente,Tablet,5,7000,35000
2025-03-09,Oriente,Smartphone,4,12000,48000
2025-03-09,Oriente,Monitor,4,3500,14000
2025-03-09,Oriente,Teclado,4,800,3200
2025-03-09,Oriente,Mouse,1,450,450
2025-03-09,Oriente,Impresora,6,4200,25200
2025-03-09,Oriente,Disco SSD,5,1500,7500
2025-03-09,Oriente,Audífonos,4,1200,4800
2025-03-09,Oriente,Webcam,6,950,5700
2025-03-09,Oriente,Router,5,900,4500
2025-03-09,Oriente,Smartwatch,1,5000,5000
2025-03-09,Poniente,Laptop,3,18000,54000
2025-03-09,Poniente,Tablet,6,7000,42000
2025-03-09,Poniente,Smartphone,5,12000,60000
2025-03-09,Poniente,Monitor,2,3500,7000
2025-03-09,Poniente,Teclado,6,800,4800
2025-03-09,Poniente,Mouse,6,450,2700
2025-03-09,Poniente,Impresora,4,4200,16800
2025-03-09,Poniente,Disco SSD,5,1500,7500
2025-03-09,Poniente,Audífonos,2,1200,2400
2025-03-09,Poniente,Webcam,9,950,8550
2025-03-09,Poniente,Router,4,900,3600
2025-03-09,Poniente,Smartwatch,2,5000,10000
2025-03-09,Online,Laptop,1,18000,18000
2025-03-09,Online,Tablet,5,7000,35000
2025-03-09,Online,Smartphone,2,12000,24000
2025-03-09,Online,Monitor,8,3500,28000
2025-03-09,Online,Teclado,6,800,4800
2025-03-09,Online,Mouse,4,450,1800
2025-03-09,Online,Impresora,3,4200,12600
2025-03-09,Online,Disco SSD,8,1500,12000
2025-03-09,Online,Audífonos,0,1200,0
2025-03-09,Online,Webcam,4,950,3800
2025-03-09,Online,Router,2,900,1800
2025-03-09,Online,Smartwatch,7,5000,35000
2025-03-10,Norte,Laptop,2,18000,36000
2025-03-10,Norte,Tablet,4,7000,28000
2025-03-10,Norte,Smartphone,5,12000,60000
2025-03-10,Norte,Monitor,7,3500,24500
2025-03-10,Norte,Teclado,1,800,800
2025-03-10,Norte,Mouse,5,450,2250
2025-03-10,Norte,Impresora,6,4200,25200
2025-03-10,Norte,Disco SSD,2,1500,3000
2025-03-10,Norte,Audífonos,3,1200,3600
2025-03-10,Norte,Webcam,1,950,950
2025-03-10,Norte,Router,7,900,6300
2025-03-10,Norte,Smartwatch,3,5000,15000
2025-03-10,Sur,Laptop,6,18000,108000
2025-03-10,Sur,Tablet,4,7000,28000
2025-03-10,Sur,Smartphone,4,12000,48000
2025-03-10,Sur,Monitor,9,3500,31500
2025-03-10,Sur,Teclado,11,800,8800
2025-03-10,Sur,Mouse,8,450,3600
2025-03-10,Sur,Impresora,7,4200,29400
2025-03-10,Sur,Disco SSD,5,1500,7500
2025-03-10,Sur,Audífonos,5,1200,6000
2025-03-10,Sur,Webcam,8,950,7600
2025-03-10,Sur,Router,6,900,5400
2025-03-10,Sur,Smartwatch,5,5000,25000
2025-03-10,Centro,Laptop,6,18000,108000
2025-03-10,Centro,Tablet,4,7000,28000
2025-03-10,Centro,Smartphone,5,12000,60000
2025-03-10,Centro,Monitor,4,3500,14000
2025-03-10,Centro,Teclado,3,800,2400
2025-03-10,Centro,Mouse,5,450,2250
2025-03-10,Centro,Impresora,7,4200,29400
2025-03-10,Centro,Disco SSD,6,1500,9000
2025-03-10,Centro,Audífonos,8,1200,9600
2025-03-10,Centro,Webcam,6,950,5700
2025-03-10,Centro,Router,6,900,5400
2025-03-10,Centro,Smartwatch,4,5000,20000
2025-03-10,Oriente,Laptop,3,18000,54000
2025-03-10,Oriente,Tablet,5,7000,35000
2025-03-10,Oriente,Smartphone,8,12000,96000
2025-03-10,Oriente,Monitor,6,3500,21000
2025-03-10,Oriente,Teclado,5,800,4000
2025-03-10,Oriente,Mouse,6,450,2700
2025-03-10,Oriente,Impresora,9,4200,37800
2025-03-10,Oriente,Disco SSD,9,1500,13500
2025-03-10,Oriente,Audífonos,6,1200,7200
2025-03-10,Oriente,Webcam,4,950,3800
2025-03-10,Oriente,Router,5,900,4500
2025-03-10,Oriente,Smartwatch,4,5000,20000
2025-03-10,Poniente,Laptop,3,18000,54000
2025-03-10,Poniente,Tablet,10,7000,70000
2025-03-10,Poniente,Smartphone,3,12000,36000
2025-03-10,Poniente,Monitor,7,3500,24500
2025-03-10,Poniente,Teclado,9,800,7200
2025-03-10,Poniente,Mouse,2,450,900
2025-03-10,Poniente,Impresora,7,4200,29400
2025-03-10,Poniente,Disco SSD,3,1500,4500
2025-03-10,Poniente,Audífonos,8,1200,9600
2025-03-10,Poniente,Webcam,8,950,7600
2025-03-10,Poniente,Router,4,900,3600
2025-03-10,Poniente,Smartwatch,6,5000,30000
2025-03-10,Online,Laptop,4,18000,72000
2025-03-10,Online,Tablet,4,7000,28000
2025-03-10,Online,Smartphone,5,12000,60000
2025-03-10,Online,Monitor,5,3500,17500
2025-03-10,Online,Teclado,7,800,5600
2025-03-10,Online,Mouse,3,450,1350
2025-03-10,Online,Impresora,3,4200,12600
2025-03-10,Online,Disco SSD,2,1500,3000
2025-03-10,Online,Audífonos,3,1200,3600
2025-03-10,Online,Webcam,3,950,2850
2025-03-10,Online,Router,4,900,3600
2025-03-10,Online,Smartwatch,3,5000,15000
2025-03-11,Norte,Laptop,6,18000,108000
2025-03-11,Norte,Tablet,6,7000,42000
2025-03-11,Norte,Smartphone,7,12000,84000
2025-03-11,Norte,Monitor,8,3500,28000
2025-03-11,Norte,Teclado,4,800,3200
2025-03-11,Norte,Mouse,4,450,1800
2025-03-11,Norte,Impresora,5,4200,21000
2025-03-11,Norte,Disco SSD,6,1500,9000
2025-03-11,Norte,Audífonos,7,1200,8400
2025-03-11,Norte,Webcam,10,950,9500
2025-03-11,Norte,Router,3,900,2700
2025-03-11,Norte,Smartwatch,3,5000,15000
2025-03-11,Sur,Laptop,4,18000,72000
2025-03-11,Sur,Tablet,2,7000,14000
2025-03-11,Sur,Smartphone,1,12000,12000
2025-03-11,Sur,Monitor,4,3500,14000
2025-03-11,Sur,Teclado,6,800,4800
2025-03-11,Sur,Mouse,4,450,1800
2025-03-11,Sur,Impresora,6,4200,25200
2025-03-11,Sur,Disco SSD,5,1500,7500
2025-03-11,Sur,Audífonos,3,1200,3600
2025-03-11,Sur,Webcam,5,950,4750
2025-03-11,Sur,Router,10,900,9000
2025-03-11,Sur,Smartwatch,2,5000,10000
2025-03-11,Centro,Laptop,8,18000,144000
2025-03-11,Centro,Tablet,4,7000,28000
2025-03-11,Centro,Smartphone,6,12000,72000
2025-03-11,Centro,Monitor,2,3500,7000
2025-03-11,Centro,Teclado,4,800,3200
2025-03-11,Centro,Mouse,7,450,3150
2025-03-11,Centro,Impresora,6,4200,25200
2025-03-11,Centro,Disco SSD,3,1500,4500
2025-03-11,Centro,Audífonos,4,1200,4800
2025-03-11,Centro,Webcam,4,950,3800
2025-03-11,Centro,Router,7,900,6300
2025-03-11,Centro,Smartwatch,5,5000,25000
2025-03-11,Oriente,Laptop,7,18000,126000
2025-03-11,Oriente,Tablet,4,7000,28000
2025-03-11,Oriente,Smartphone,3,12000,36000
2025-03-11,Oriente,Monitor,3,3500,10500
2025-03-11,Oriente,Teclado,3,800,2400
2025-03-11,Oriente,Mouse,3,450,1350
2025-03-11,Oriente,Impresora,4,4200,16800
2025-03-11,Oriente,Disco SSD,6,1500,9000
2025-03-11,Oriente,Audífonos,4,1200,4800
2025-03-11,Oriente,Webcam,11,950,10450
2025-03-11,Oriente,Router,3,900,2700
2025-03-11,Oriente,Smartwatch,6,5000,30000
2025-03-11,Poniente,Laptop,1,18000,18000
2025-03-11,Poniente,Tablet,10,7000,70000
2025-03-11,Poniente,Smartphone,4,12000,48000
2025-03-11,Poniente,Monitor,5,3500,17500
2025-03-11,Poniente,Teclado,3,800,2400
2025-03-11,Poniente,Mouse,6,450,2700
2025-03-11,Poniente,Impresora,11,4200,46200
2025-03-11,Poniente,Disco SSD,6,1500,9000
2025-03-11,Poniente,Audífonos,3,1200,3600
2025-03-11,Poniente,Webcam,2,950,1900
2025-03-11,Poniente,Router,5,900,4500
2025-03-11,Poniente,Smartwatch,7,5000,35000
2025-03-11,Online,Laptop,3,18000,54000
2025-03-11,Online,Tablet,1,7000,7000
2025-03-11,Online,Smartphone,9,12000,108000
2025-03-11,Online,Monitor,6,3500,21000
2025-03-11,Online,Teclado,6,800,4800
2025-03-11,Online,Mouse,3,450,1350
2025-03-11,Online,Impresora,4,4200,16800
2025-03-11,Online,Disco SSD,6,1500,9000
2025-03-11,Online,Audífonos,2,1200,2400
2025-03-11,Online,Webcam,7,950,6650
2025-03-11,Online,Router,8,900,7200
2025-03-11,Online,Smartwatch,5,5000,25000
2025-03-12,Norte,Laptop,6,18000,108000
2025-03-12,Norte,Tablet,3,7000,21000
2025-03-12,Norte,Smartphone,6,12000,72000
2025-03-12,Norte,Monitor,6,3500,21000
2025-03-12,Norte,Teclado,5,800,4000
2025-03-12,Norte,Mouse,8,450,3600
2025-03-12,Norte,Impresora,7,4200,29400
2025-03-12,Norte,Disco SSD,5,1500,7500
2025-03-12,Norte,Audífonos,2,1200,2400
2025-03-12,Norte,Webcam,2,950,1900
2025-03-12,Norte,Router,9,900,8100
2025-03-12,Norte,Smartwatch,4,5000,20000
2025-03-12,Sur,Laptop,5,18000,90000
2025-03-12,Sur,Tablet,11,7000,77000
2025-03-12,Sur,Smartphone,3,12000,36000
2025-03-12,Sur,Monitor,3,3500,10500
2025-03-12,Sur,Teclado,4,800,3200
2025-03-12,Sur,Mouse,3,450,1350
2025-03-12,Sur,Impresora,6,4200,25200
2025-03-12,Sur,Disco SSD,7,1500,10500
2025-03-12,Sur,Audífonos,2,1200,2400
2025-03-12,Sur,Webcam,4,950,3800
2025-03-12,Sur,Router,3,900,2700
2025-03-12,Sur,Smartwatch,5,5000,25000
2025-03-12,Centro,Laptop,7,18000,126000
2025-03-12,Centro,Tablet,5,7000,35000
2025-03-12,Centro,Smartphone,4,12000,48000
2025-03-12,Centro,Monitor,5,3500,17500
2025-03-12,Centro,Teclado,7,800,5600
2025-03-12,Centro,Mouse,6,450,2700
2025-03-12,Centro,Impresora,3,4200,12600
2025-03-12,Centro,Disco SSD,6,1500,9000
2025-03-12,Centro,Audífonos,5,1200,6000
2025-03-12,Centro,Webcam,4,950,3800
2025-03-12,Centro,Router,2,900,1800
2025-03-12,Centro,Smartwatch,5,5000,25000
2025-03-12,Oriente,Laptop,5,18000,90000
2025-03-12,Oriente,Tablet,5,7000,35000
2025-03-12,Oriente,Smartphone,3,12000,36000
2025-03-12,Oriente,Monitor,6,3500,21000
2025-03-12,Oriente,Teclado,5,800,4000
2025-03-12,Oriente,Mouse,5,450,2250
2025-03-12,Oriente,Impresora,6,4200,25200
2025-03-12,Oriente,Disco SSD,5,1500,7500
2025-03-12,Oriente,Audífonos,6,1200,7200
2025-03-12,Oriente,Webcam,2,950,1900
2025-03-12,Oriente,Router,12,900,10800
2025-03-12,Oriente,Smartwatch,7,5000,35000
2025-03-12,Poniente,Laptop,4,18000,72000
2025-03-12,Poniente,Tablet,5,7000,35000
2025-03-12,Poniente,Smartphone,7,12000,84000
2025-03-12,Poniente,Monitor,1,3500,3500
2025-03-12,Poniente,Teclado,5,800,4000
2025-03-12,Poniente,Mouse,6,450,2700
2025-03-12,Poniente,Impresora,5,4200,21000
2025-03-12,Poniente,Disco SSD,2,1500,3000
2025-03-12,Poniente,Audífonos,5,1200,6000
2025-03-12,Poniente,Webcam,2,950,1900
2025-03-12,Poniente,Router,4,900,3600
2025-03-12,Poniente,Smartwatch,5,5000,25000
2025-03-12,Online,Laptop,6,18000,108000
2025-03-12,Online,Tablet,3,7000,21000
2025-03-12,Online,Smartphone,6,12000,72000
2025-03-12,Online,Monitor,6,3500,21000
2025-03-12,Online,Teclado,3,800,2400
2025-03-12,Online,Mouse,4,450,1800
2025-03-12,Online,Impresora,4,4200,16800
2025-03-12,Online,Disco SSD,7,1500,10500
2025-03-12,Online,Audífonos,4,1200,4800
2025-03-12,Online,Webcam,7,950,6650
2025-03-12,Online,Router,5,900,4500
2025-03-12,Online,Smartwatch,2,5000,10000
2025-03-13,Norte,Laptop,6,18000,108000
2025-03-13,Norte,Tablet,5,7000,35000
2025-03-13,Norte,Smartphone,3,12000,36000
2025-03-13,Norte,Monitor,2,3500,7000
2025-03-13,Norte,Teclado,8,800,6400
2025-03-13,Norte,Mouse,1,450,450
2025-03-13,Norte,Impresora,5,4200,21000
2025-03-13,Norte,Disco SSD,4,1500,6000
2025-03-13,Norte,Audífonos,6,1200,7200
2025-03-13,Norte,Webcam,3,950,2850
2025-03-13,Norte,Router,5,900,4500
2025-03-13,Norte,Smartwatch,3,5000,15000
2025-03-13,Sur,Laptop,7,18000,126000
2025-03-13,Sur,Tablet,5,7000,35000
2025-03-13,Sur,Smartphone,7,12000,84000
2025-03-13,Sur,Monitor,6,3500,21000
2025-03-13,Sur,Teclado,8,800,6400
2025-03-13,Sur,Mouse,6,450,2700
2025-03-13,Sur,Impresora,4,4200,16800
2025-03-13,Sur,Disco SSD,4,1500,6000
2025-03-13,Sur,Audífonos,2,1200,2400
2025-03-13,Sur,Webcam,2,950,1900
2025-03-13,Sur,Router,5,900,4500
2025-03-13,Sur,Smartwatch,2,5000,10000
2025-03-13,Centro,Laptop,1,18000,18000
2025-03-13,Centro,Tablet,4,7000,28000
2025-03-13,Centro,Smartphone,6,12000,72000
2025-03-13,Centro,Monitor,6,3500,21000
2025-03-13,Centro,Teclado,9,800,7200
2025-03-13,Centro,Mouse,3,450,1350
2025-03-13,Centro,Impresora,9,4200,37800
2025-03-13,Centro,Disco SSD,6,1500,9000
2025-03-13,Centro,Audífonos,11,1200,13200
2025-03-13,Centro,Webcam,5,950,4750
2025-03-13,Centro,Router,2,900,1800
2025-03-13,Centro,Smartwatch,7,5000,35000
2025-03-13,Oriente,Laptop,2,18000,36000
2025-03-13,Oriente,Tablet,2,7000,14000
2025-03-13,Oriente,Smartphone,5,12000,60000
2025-03-13,Oriente,Monitor,7,3500,24500
2025-03-13,Oriente,Teclado,4,800,3200
2025-03-13,Oriente,Mouse,6,450,2700
2025-03-13,Oriente,Impresora,6,4200,25200
2025-03-13,Oriente,Disco SSD,2,1500,3000
2025-03-13,Oriente,Audífonos,10,1200,12000
2025-03-13,Oriente,Webcam,4,950,3800
2025-03-13,Oriente,Router,4,900,3600
2025-03-13,Oriente,Smartwatch,4,5000,20000
2025-03-13,Poniente,Laptop,3,18000,54000
2025-03-13,Poniente,Tablet,3,7000,21000
2025-03-13,Poniente,Smartphone,7,12000,84000
2025-03-13,Poniente,Monitor,7,3500,24500
2025-03-13,Poniente,Teclado,7,800,5600
2025-03-13,Poniente,Mouse,3,450,1350
2025-03-13,Poniente,Impresora,5,4200,21000
2025-03-13,Poniente,Disco SSD,7,1500,10500
2025-03-13,Poniente,Audífonos,7,1200,8400
2025-03-13,Poniente,Webcam,4,950,3800
2025-03-13,Poniente,Router,8,900,7200
2025-03-13,Poniente,Smartwatch,8,5000,40000
2025-03-13,Online,Laptop,5,18000,90000
2025-03-13,Online,Tablet,10,7000,70000
2025-03-13,Online,Smartphone,6,12000,72000
2025-03-13,Online,Monitor,9,3500,31500
2025-03-13,Online,Teclado,8,800,6400
2025-03-13,Online,Mouse,6,450,2700
2025-03-13,Online,Impresora,4,4200,16800
2025-03-13,Online,Disco SSD,2,1500,3000
2025-03-13,Online,Audífonos,3,1200,3600
2025-03-13,Online,Webcam,1,950,950
2025-03-13,Online,Router,8,900,7200
2025-03-13,Online,Smartwatch,7,5000,35000
2025-03-14,Norte,Laptop,5,18000,90000
2025-03-14,Norte,Tablet,2,7000,14000
2025-03-14,Norte,Smartphone,7,12000,84000
2025-03-14,Norte,Monitor,12,3500,42000
2025-03-14,Norte,Teclado,5,800,4000
2025-03-14,Norte,Mouse,3,450,1350
2025-03-14,Norte,Impresora,4,4200,16800
2025-03-14,Norte,Disco SSD,5,1500,7500
2025-03-14,Norte,Audífonos,6,1200,7200
2025-03-14,Norte,Webcam,3,950,2850
2025-03-14,Norte,Router,3,900,2700
2025-03-14,Norte,Smartwatch,1,5000,5000
2025-03-14,Sur,Laptop,5,18000,90000
2025-03-14,Sur,Tablet,2,7000,14000
2025-03-14,Sur,Smartphone,4,12000,48000
2025-03-14,Sur,Monitor,2,3500,7000
2025-03-14,Sur,Teclado,7,800,5600
2025-03-14,Sur,Mouse,3,450,1350
2025-03-14,Sur,Impresora,9,4200,37800
2025-03-14,Sur,Disco SSD,6,1500,9000
2025-03-14,Sur,Audífonos,5,1200,6000
2025-03-14,Sur,Webcam,2,950,1900
2025-03-14,Sur,Router,5,900,4500
2025-03-14,Sur,Smartwatch,5,5000,25000
2025-03-14,Centro,Laptop,8,18000,144000
2025-03-14,Centro,Tablet,2,7000,14000
2025-03-14,Centro,Smartphone,5,12000,60000
2025-03-14,Centro,Monitor,5,3500,17500
2025-03-14,Centro,Teclado,6,800,4800
2025-03-14,Centro,Mouse,1,450,450
2025-03-14,Centro,Impresora,3,4200,12600
2025-03-14,Centro,Disco SSD,9,1500,13500
2025-03-14,Centro,Audífonos,6,1200,7200
2025-03-14,Centro,Webcam,5,950,4750
2025-03-14,Centro,Router,4,900,3600
2025-03-14,Centro,Smartwatch,3,5000,15000
2025-03-14,Oriente,Laptop,11,18000,198000
2025-03-14,Oriente,Tablet,6,7000,42000
2025-03-14,Oriente,Smartphone,3,12000,36000
2025-03-14,Oriente,Monitor,7,3500,24500
2025-03-14,Oriente,Teclado,6,800,4800
2025-03-14,Oriente,Mouse,2,450,900
2025-03-14,Oriente,Impresora,4,4200,16800
2025-03-14,Oriente,Disco SSD,5,1500,7500
2025-03-14,Oriente,Audífonos,2,1200,2400
2025-03-14,Oriente,Webcam,2,950,1900
2025-03-14,Oriente,Router,4,900,3600
2025-03-14,Oriente,Smartwatch,6,5000,30000
2025-03-14,Poniente,Laptop,4,18000,72000
2025-03-14,Poniente,Tablet,6,7000,42000
2025-03-14,Poniente,Smartphone,8,12000,96000
2025-03-14,Poniente,Monitor,7,3500,24500
2025-03-14,Poniente,Teclado,8,800,6400
2025-03-14,Poniente,Mouse,5,450,2250
2025-03-14,Poniente,Impresora,1,4200,4200
2025-03-14,Poniente,Disco SSD,5,1500,7500
2025-03-14,Poniente,Audífonos,5,1200,6000
2025-03-14,Poniente,Webcam,7,950,6650
2025-03-14,Poniente,Router,2,900,1800
2025-03-14,Poniente,Smartwatch,6,5000,30000
2025-03-14,Online,Laptop,6,18000,108000
2025-03-14,Online,Tablet,3,7000,21000
2025-03-14,Online,Smartphone,5,12000,60000
2025-03-14,Online,Monitor,7,3500,24500
2025-03-14,Online,Teclado,4,800,3200
2025-03-14,Online,Mouse,3,450,1350
2025-03-14,Online,Impresora,2,4200,8400
2025-03-14,Online,Disco SSD,4,1500,6000
2025-03-14,Online,Audífonos,8,1200,9600
2025-03-14,Online,Webcam,9,950,8550
2025-03-14,Online,Router,11,900,9900
2025-03-14,Online,Smartwatch,4,5000,20000
2025-03-15,Norte,Laptop,8,18000,144000
2025-03-15,Norte,Tablet,2,7000,14000
2025-03-15,Norte,Smartphone,2,12000,24000
2025-03-15,Norte,Monitor,8,3500,28000
2025-03-15,Norte,Teclado,3,800,2400
2025-03-15,Norte,Mouse,6,450,2700
2025-03-15,Norte,Impresora,6,4200,25200
2025-03-15,Norte,Disco SSD,6,1500,9000
2025-03-15,Norte,Audífonos,4,1200,4800
2025-03-15,Norte,Webcam,2,950,1900
2025-03-15,Norte,Router,4,900,3600
2025-03-15,Norte,Smartwatch,7,5000,35000
2025-03-15,Sur,Laptop,5,18000,90000
2025-03-15,Sur,Tablet,5,7000,35000
2025-03-15,Sur,Smartphone,5,12000,60000
2025-03-15,Sur,Monitor,4,3500,14000
2025-03-15,Sur,Teclado,4,800,3200
2025-03-15,Sur,Mouse,2,450,900
2025-03-15,Sur,Impresora,4,4200,16800
2025-03-15,Sur,Disco SSD,3,1500,4500
2025-03-15,Sur,Audífonos,5,1200,6000
2025-03-15,Sur,Webcam,3,950,2850
2025-03-15,Sur,Router,6,900,5400
2025-03-15,Sur,Smartwatch,8,5000,40000
2025-03-15,Centro,Laptop,5,18000,90000
2025-03-15,Centro,Tablet,6,7000,42000
2025-03-15,Centro,Smartphone,2,12000,24000
2025-03-15,Centro,Monitor,7,3500,24500
2025-03-15,Centro,Teclado,4,800,3200
2025-03-15,Centro,Mouse,7,450,3150
2025-03-15,Centro,Impresora,3,4200,12600
2025-03-15,Centro,Disco SSD,7,1500,10500
2025-03-15,Centro,Audífonos,5,1200,6000
2025-03-15,Centro,Webcam,4,950,3800
2025-03-15,Centro,Router,7,900,6300
2025-03-15,Centro,Smartwatch,5,5000,25000
2025-03-15,Oriente,Laptop,6,18000,108000
2025-03-15,Oriente,Tablet,7,7000,49000
2025-03-15,Oriente,Smartphone,6,12000,72000
2025-03-15,Oriente,Monitor,8,3500,28000
2025-03-15,Oriente,Teclado,4,800,3200
2025-03-15,Oriente,Mouse,7,450,3150
2025-03-15,Oriente,Impresora,5,4200,21000
2025-03-15,Oriente,Disco SSD,5,1500,7500
2025-03-15,Oriente,Audífonos,5,1200,6000
2025-03-15,Oriente,Webcam,4,950,3800
2025-03-15,Oriente,Router,2,900,1800
2025-03-15,Oriente,Smartwatch,5,5000,25000
2025-03-15,Poniente,Laptop,7,18000,126000
2025-03-15,Poniente,Tablet,4,7000,28000
2025-03-15,Poniente,Smartphone,6,12000,72000
2025-03-15,Poniente,Monitor,4,3500,14000
2025-03-15,Poniente,Teclado,3,800,2400
2025-03-15,Poniente,Mouse,2,450,900
2025-03-15,Poniente,Impresora,3,4200,12600
2025-03-15,Poniente,Disco SSD,5,1500,7500
2025-03-15,Poniente,Audífonos,11,1200,13200
2025-03-15,Poniente,Webcam,4,950,3800
2025-03-15,Poniente,Router,6,900,5400
2025-03-15,Poniente,Smartwatch,8,5000,40000
2025-03-15,Online,Laptop,8,18000,144000
2025-03-15,Online,Tablet,4,7000,28000
2025-03-15,Online,Smartphone,12,12000,144000
2025-03-15,Online,Monitor,7,3500,24500
2025-03-15,Online,Teclado,1,800,800
2025-03-15,Online,Mouse,1,450,450
2025-03-15,Online,Impresora,7,4200,29400
2025-03-15,Online,Disco SSD,3,1500,4500
2025-03-15,Online,Audífonos,4,1200,4800
2025-03-15,Online,Webcam,2,950,1900
2025-03-15,Online,Router,3,900,2700
2025-03-15,Online,Smartwatch,8,5000,40000
2025-03-16,Norte,Laptop,4,18000,72000
2025-03-16,Norte,Tablet,10,7000,70000
2025-03-16,Norte,Smartphone,4,12000,48000
2025-03-16,Norte,Monitor,3,3500,10500
2025-03-16,Norte,Teclado,3,800,2400
2025-03-16,Norte,Mouse,3,450,1350
2025-03-16,Norte,Impresora,5,4200,21000
2025-03-16,Norte,Disco SSD,5,1500,7500
2025-03-16,Norte,Audífonos,8,1200,9600
2025-03-16,Norte,Webcam,7,950,6650
2025-03-16,Norte,Router,5,900,4500
2025-03-16,Norte,Smartwatch,1,5000,5000
2025-03-16,Sur,Laptop,4,18000,72000
2025-03-16,Sur,Tablet,6,7000,42000
2025-03-16,Sur,Smartphone,4,12000,48000
2025-03-16,Sur,Monitor,4,3500,14000
2025-03-16,Sur,Teclado,3,800,2400
2025-03-16,Sur,Mouse,3,450,1350
2025-03-16,Sur,Impresora,3,4200,12600
2025-03-16,Sur,Disco SSD,7,1500,10500
2025-03-16,Sur,Audífonos,8,1200,9600
2025-03-16,Sur,Webcam,6,950,5700
2025-03-16,Sur,Router,6,900,5400
2025-03-16,Sur,Smartwatch,2,5000,10000
2025-03-16,Centro,Laptop,9,18000,162000
2025-03-16,Centro,Tablet,7,7000,49000
2025-03-16,Centro,Smartphone,5,12000,60000
2025-03-16,Centro,Monitor,6,3500,21000
2025-03-16,Centro,Teclado,4,800,3200
2025-03-16,Centro,Mouse,6,450,2700
2025-03-16,Centro,Impresora,5,4200,21000
2025-03-16,Centro,Disco SSD,5,1500,7500
2025-03-16,Centro,Audífonos,4,1200,4800
2025-03-16,Centro,Webcam,2,950,1900
2025-03-16,Centro,Router,5,900,4500
2025-03-16,Centro,Smartwatch,6,5000,30000
2025-03-16,Oriente,Laptop,4,18000,72000
2025-03-16,Oriente,Tablet,6,7000,42000
2025-03-16,Oriente,Smartphone,3,12000,36000
2025-03-16,Oriente,Monitor,8,3500,28000
2025-03-16,Oriente,Teclado,3,800,2400
2025-03-16,Oriente,Mouse,5,450,2250
2025-03-16,Oriente,Impresora,1,4200,4200
2025-03-16,Oriente,Disco SSD,9,1500,13500
2025-03-16,Oriente,Audífonos,3,1200,3600
2025-03-16,Oriente,Webcam,2,950,1900
2025-03-16,Oriente,Router,10,900,9000
2025-03-16,Oriente,Smartwatch,4,5000,20000
2025-03-16,Poniente,Laptop,6,18000,108000
2025-03-16,Poniente,Tablet,11,7000,77000
2025-03-16,Poniente,Smartphone,6,12000,72000
2025-03-16,Poniente,Monitor,3,3500,10500
2025-03-16,Poniente,Teclado,4,800,3200
2025-03-16,Poniente,Mouse,7,450,3150
2025-03-16,Poniente,Impresora,4,4200,16800
2025-03-16,Poniente,Disco SSD,7,1500,10500
2025-03-16,Poniente,Audífonos,5,1200,6000
2025-03-16,Poniente,Webcam,7,950,6650
2025-03-16,Poniente,Router,7,900,6300
2025-03-16,Poniente,Smartwatch,1,5000,5000
2025-03-16,Online,Laptop,4,18000,72000
2025-03-16,Online,Tablet,10,7000,70000
2025-03-16,Online,Smartphone,6,12000,72000
2025-03-16,Online,Monitor,10,3500,35000
2025-03-16,Online,Teclado,6,800,4800
2025-03-16,Online,Mouse,4,450,1800
2025-03-16,Online,Impresora,6,4200,25200
2025-03-16,Online,Disco SSD,2,1500,3000
2025-03-16,Online,Audífonos,5,1200,6000
2025-03-16,Online,Webcam,5,950,4750
2025-03-16,Online,Router,3,900,2700
2025-03-16,Online,Smartwatch,6,5000,30000
2025-03-17,Norte,Laptop,1,18000,18000
2025-03-17,Norte,Tablet,3,7000,21000
2025-03-17,Norte,Smartphone,4,12000,48000
2025-03-17,Norte,Monitor,5,3500,17500
2025-03-17,Norte,Teclado,3,800,2400
2025-03-17,Norte,Mouse,1,450,450
2025-03-17,Norte,Impresora,4,4200,16800
2025-03-17,Norte,Disco SSD,4,1500,6000
2025-03-17,Norte,Audífonos,8,1200,9600
2025-03-17,Norte,Webcam,6,950,5700
2025-03-17,Norte,Router,1,900,900
2025-03-17,Norte,Smartwatch,6,5000,30000
2025-03-17,Sur,Laptop,4,18000,72000
2025-03-17,Sur,Tablet,3,7000,21000
2025-03-17,Sur,Smartphone,2,12000,24000
2025-03-17,Sur,Monitor,5,3500,17500
2025-03-17,Sur,Teclado,5,800,4000
2025-03-17,Sur,Mouse,6,450,2700
2025-03-17,Sur,Impresora,2,4200,8400
2025-03-17,Sur,Disco SSD,3,1500,4500
2025-03-17,Sur,Audífonos,0,1200,0
2025-03-17,Sur,Webcam,6,950,5700
2025-03-17,Sur,Router,7,900,6300
2025-03-17,Sur,Smartwatch,3,5000,15000
2025-03-17,Centro,Laptop,7,18000,126000
2025-03-17,Centro,Tablet,7,7000,49000
2025-03-17,Centro,Smartphone,5,12000,60000
2025-03-17,Centro,Monitor,5,3500,17500
2025-03-17,Centro,Teclado,4,800,3200
2025-03-17,Centro,Mouse,5,450,2250
2025-03-17,Centro,Impresora,2,4200,8400
2025-03-17,Centro,Disco SSD,4,1500,6000
2025-03-17,Centro,Audífonos,6,1200,7200
2025-03-17,Centro,Webcam,5,950,4750
2025-03-17,Centro,Router,4,900,3600
2025-03-17,Centro,Smartwatch,6,5000,30000
2025-03-17,Oriente,Laptop,4,18000,72000
2025-03-17,Oriente,Tablet,4,7000,28000
2025-03-17,Oriente,Smartphone,6,12000,72000
2025-03-17,Oriente,Monitor,4,3500,14000
2025-03-17,Oriente,Teclado,7,800,5600
2025-03-17,Oriente,Mouse,7,450,3150
2025-03-17,Oriente,Impresora,6,4200,25200
2025-03-17,Oriente,Disco SSD,4,1500,6000
2025-03-17,Oriente,Audífonos,5,1200,6000
2025-03-17,Oriente,Webcam,5,950,4750
2025-03-17,Oriente,Router,5,900,4500
2025-03-17,Oriente,Smartwatch,6,5000,30000
2025-03-17,Poniente,Laptop,6,18000,108000
2025-03-17,Poniente,Tablet,8,7000,56000
2025-03-17,Poniente,Smartphone,4,12000,48000
2025-03-17,Poniente,Monitor,9,3500,31500
2025-03-17,Poniente,Teclado,11,800,8800
2025-03-17,Poniente,Mouse,5,450,2250
2025-03-17,Poniente,Impresora,5,4200,21000
2025-03-17,Poniente,Disco SSD,5,1500,7500
2025-03-17,Poniente,Audífonos,2,1200,2400
2025-03-17,Poniente,Webcam,4,950,3800
2025-03-17,Poniente,Router,6,900,5400
2025-03-17,Poniente,Smartwatch,3,5000,15000
2025-03-17,Online,Laptop,6,18000,108000
2025-03-17,Online,Tablet,6,7000,42000
2025-03-17,Online,Smartphone,2,12000,24000
2025-03-17,Online,Monitor,2,3500,7000
2025-03-17,Online,Teclado,7,800,5600
2025-03-17,Online,Mouse,7,450,3150
2025-03-17,Online,Impresora,5,4200,21000
2025-03-17,Online,Disco SSD,4,1500,6000
2025-03-17,Online,Audífonos,3,1200,3600
2025-03-17,Online,Webcam,5,950,4750
2025-03-17,Online,Router,2,900,1800
2025-03-17,Online,Smartwatch,5,5000,25000
2025-03-18,Norte,Laptop,6,18000,108000
2025-03-18,Norte,Tablet,7,7000,49000
2025-03-18,Norte,Smartphone,6,12000,72000
2025-03-18,Norte,Monitor,4,3500,14000
2025-03-18,Norte,Teclado,3,800,2400
2025-03-18,Norte,Mouse,4,450,1800
2025-03-18,Norte,Impresora,4,4200,16800
2025-03-18,Norte,Disco SSD,12,1500,18000
2025-03-18,Norte,Audífonos,6,1200,7200
2025-03-18,Norte,Webcam,4,950,3800
2025-03-18,Norte,Router,4,900,3600
2025-03-18,Norte,Smartwatch,13,5000,65000
2025-03-18,Sur,Laptop,6,18000,108000
2025-03-18,Sur,Tablet,4,7000,28000
2025-03-18,Sur,Smartphone,5,12000,60000
2025-03-18,Sur,Monitor,3,3500,10500
2025-03-18,Sur,Teclado,4,800,3200
2025-03-18,Sur,Mouse,6,450,2700
2025-03-18,Sur,Impresora,5,4200,21000
2025-03-18,Sur,Disco SSD,6,1500,9000
2025-03-18,Sur,Audífonos,5,1200,6000
2025-03-18,Sur,Webcam,7,950,6650
2025-03-18,Sur,Router,5,900,4500
2025-03-18,Sur,Smartwatch,7,5000,35000
2025-03-18,Centro,Laptop,5,18000,90000
2025-03-18,Centro,Tablet,4,7000,28000
2025-03-18,Centro,Smartphone,7,12000,84000
2025-03-18,Centro,Monitor,4,3500,14000
2025-03-18,Centro,Teclado,4,800,3200
2025-03-18,Centro,Mouse,5,450,2250
2025-03-18,Centro,Impresora,1,4200,4200
2025-03-18,Centro,Disco SSD,7,1500,10500
2025-03-18,Centro,Audífonos,1,1200,1200
2025-03-18,Centro,Webcam,5,950,4750
2025-03-18,Centro,Router,5,900,4500
2025-03-18,Centro,Smartwatch,4,5000,20000
2025-03-18,Oriente,Laptop,4,18000,72000
2025-03-18,Oriente,Tablet,5,7000,35000
2025-03-18,Oriente,Smartphone,7,12000,84000
2025-03-18,Oriente,Monitor,1,3500,3500
2025-03-18,Oriente,Teclado,8,800,6400
2025-03-18,Oriente,Mouse,3,450,1350
2025-03-18,Oriente,Impresora,4,4200,16800
2025-03-18,Oriente,Disco SSD,4,1500,6000
2025-03-18,Oriente,Audífonos,6,1200,7200
2025-03-18,Oriente,Webcam,6,950,5700
2025-03-18,Oriente,Router,3,900,2700
2025-03-18,Oriente,Smartwatch,3,5000,15000
2025-03-18,Poniente,Laptop,2,18000,36000
2025-03-18,Poniente,Tablet,3,7000,21000
2025-03-18,Poniente,Smartphone,5,12000,60000
2025-03-18,Poniente,Monitor,6,3500,21000
2025-03-18,Poniente,Teclado,6,800,4800
2025-03-18,Poniente,Mouse,6,450,2700
2025-03-18,Poniente,Impresora,5,4200,21000
2025-03-18,Poniente,Disco SSD,5,1500,7500
2025-03-18,Poniente,Audífonos,6,1200,7200
2025-03-18,Poniente,Webcam,6,950,5700
2025-03-18,Poniente,Router,5,900,4500
2025-03-18,Poniente,Smartwatch,6,5000,30000
2025-03-18,Online,Laptop,6,18000,108000
2025-03-18,Online,Tablet,6,7000,42000
2025-03-18,Online,Smartphone,4,12000,48000
2025-03-18,Online,Monitor,7,3500,24500
2025-03-18,Online,Teclado,6,800,4800
2025-03-18,Online,Mouse,3,450,1350
2025-03-18,Online,Impresora,7,4200,29400
2025-03-18,Online,Disco SSD,4,1500,6000
2025-03-18,Online,Audífonos,9,1200,10800
2025-03-18,Online,Webcam,5,950,4750
2025-03-18,Online,Router,5,900,4500
2025-03-18,Online,Smartwatch,9,5000,45000
2025-03-19,Norte,Laptop,5,18000,90000
2025-03-19,Norte,Tablet,3,7000,21000
2025-03-19,Norte,Smartphone,5,12000,60000
2025-03-19,Norte,Monitor,3,3500,10500
2025-03-19,Norte,Teclado,5,800,4000
2025-03-19,Norte,Mouse,5,450,2250
2025-03-19,Norte,Impresora,3,4200,12600
2025-03-19,Norte,Disco SSD,7,1500,10500
2025-03-19,Norte,Audífonos,3,1200,3600
2025-03-19,Norte,Webcam,6,950,5700
2025-03-19,Norte,Router,8,900,7200
2025-03-19,Norte,Smartwatch,3,5000,15000
2025-03-19,Sur,Laptop,4,18000,72000
2025-03-19,Sur,Tablet,6,7000,42000
2025-03-19,Sur,Smartphone,5,12000,60000
2025-03-19,Sur,Monitor,7,3500,24500
2025-03-19,Sur,Teclado,10,800,8000
2025-03-19,Sur,Mouse,6,450,2700
2025-03-19,Sur,Impresora,8,4200,33600
2025-03-19,Sur,Disco SSD,3,1500,4500
2025-03-19,Sur,Audífonos,5,1200,6000
2025-03-19,Sur,Webcam,2,950,1900
2025-03-19,Sur,Router,6,900,5400
2025-03-19,Sur,Smartwatch,6,5000,30000
2025-03-19,Centro,Laptop,1,18000,18000
2025-03-19,Centro,Tablet,5,7000,35000
2025-03-19,Centro,Smartphone,2,12000,24000
2025-03-19,Centro,Monitor,4,3500,14000
2025-03-19,Centro,Teclado,3,800,2400
2025-03-19,Centro,Mouse,7,450,3150
2025-03-19,Centro,Impresora,4,4200,16800
2025-03-19,Centro,Disco SSD,6,1500,9000
2025-03-19,Centro,Audífonos,9,1200,10800
2025-03-19,Centro,Webcam,4,950,3800
2025-03-19,Centro,Router,4,900,3600
2025-03-19,Centro,Smartwatch,4,5000,20000
2025-03-19,Oriente,Laptop,4,18000,72000
2025-03-19,Oriente,Tablet,5,7000,35000
2025-03-19,Oriente,Smartphone,9,12000,108000
2025-03-19,Oriente,Monitor,3,3500,10500
2025-03-19,Oriente,Teclado,6,800,4800
2025-03-19,Oriente,Mouse,4,450,1800
2025-03-19,Oriente,Impresora,6,4200,25200
2025-03-19,Oriente,Disco SSD,3,1500,4500
2025-03-19,Oriente,Audífonos,8,1200,9600
2025-03-19,Oriente,Webcam,5,950,4750
2025-03-19,Oriente,Router,7,900,6300
2025-03-19,Oriente,Smartwatch,4,5000,20000
2025-03-19,Poniente,Laptop,4,18000,72000
2025-03-19,Poniente,Tablet,2,7000,14000
2025-03-19,Poniente,Smartphone,7,12000,84000
2025-03-19,Poniente,Monitor,5,3500,17500
2025-03-19,Poniente,Teclado,6,800,4800
2025-03-19,Poniente,Mouse,8,450,3600
2025-03-19,Poniente,Impresora,7,4200,29400
2025-03-19,Poniente,Disco SSD,4,1500,6000
2025-03-19,Poniente,Audífonos,4,1200,4800
2025-03-19,Poniente,Webcam,3,950,2850
2025-03-19,Poniente,Router,6,900,5400
2025-03-19,Poniente,Smartwatch,9,5000,45000
2025-03-19,Online,Laptop,4,18000,72000
2025-03-19,Online,Tablet,8,7000,56000
2025-03-19,Online,Smartphone,4,12000,48000
2025-03-19,Online,Monitor,5,3500,17500
2025-03-19,Online,Teclado,1,800,800
2025-03-19,Online,Mouse,3,450,1350
2025-03-19,Online,Impresora,5,4200,21000
2025-03-19,Online,Disco SSD,1,1500,1500
2025-03-19,Online,Audífonos,6,1200,7200
2025-03-19,Online,Webcam,5,950,4750
2025-03-19,Online,Router,6,900,5400
2025-03-19,Online,Smartwatch,5,5000,25000
2025-03-20,Norte,Laptop,4,18000,72000
2025-03-20,Norte,Tablet,4,7000,28000
2025-03-20,Norte,Smartphone,3,12000,36000
2025-03-20,Norte,Monitor,5,3500,17500
2025-03-20,Norte,Teclado,5,800,4000
2025-03-20,Norte,Mouse,3,450,1350
2025-03-20,Norte,Impresora,5,4200,21000
2025-03-20,Norte,Disco SSD,6,1500,9000
2025-03-20,Norte,Audífonos,8,1200,9600
2025-03-20,Norte,Webcam,7,950,6650
2025-03-20,Norte,Router,4,900,3600
2025-03-20,Norte,Smartwatch,4,5000,20000
2025-03-20,Sur,Laptop,1,18000,18000
2025-03-20,Sur,Tablet,4,7000,28000
2025-03-20,Sur,Smartphone,4,12000,48000
2025-03-20,Sur,Monitor,7,3500,24500
2025-03-20,Sur,Teclado,4,800,3200
2025-03-20,Sur,Mouse,6,450,2700
2025-03-20,Sur,Impresora,4,4200,16800
2025-03-20,Sur,Disco SSD,5,1500,7500
2025-03-20,Sur,Audífonos,3,1200,3600
2025-03-20,Sur,Webcam,3,950,2850
2025-03-20,Sur,Router,4,900,3600
2025-03-20,Sur,Smartwatch,8,5000,40000
2025-03-20,Centro,Laptop,6,18000,108000
2025-03-20,Centro,Tablet,5,7000,35000
2025-03-20,Centro,Smartphone,7,12000,84000
2025-03-20,Centro,Monitor,8,3500,28000
2025-03-20,Centro,Teclado,4,800,3200
2025-03-20,Centro,Mouse,7,450,3150
2025-03-20,Centro,Impresora,4,4200,16800
2025-03-20,Centro,Disco SSD,6,1500,9000
2025-03-20,Centro,Audífonos,4,1200,4800
2025-03-20,Centro,Webcam,6,950,5700
2025-03-20,Centro,Router,3,900,2700
2025-03-20,Centro,Smartwatch,2,5000,10000
2025-03-20,Oriente,Laptop,4,18000,72000
2025-03-20,Oriente,Tablet,7,7000,49000
2025-03-20,Oriente,Smartphone,6,12000,72000
2025-03-20,Oriente,Monitor,10,3500,35000
2025-03-20,Oriente,Teclado,5,800,4000
2025-03-20,Oriente,Mouse,5,450,2250
2025-03-20,Oriente,Impresora,6,4200,25200
2025-03-20,Oriente,Disco SSD,6,1500,9000
2025-03-20,Oriente,Audífonos,2,1200,2400
2025-03-20,Oriente,Webcam,3,950,2850
2025-03-20,Oriente,Router,5,900,4500
2025-03-20,Oriente,Smartwatch,4,5000,20000
2025-03-20,Poniente,Laptop,10,18000,180000
2025-03-20,Poniente,Tablet,4,7000,28000
2025-03-20,Poniente,Smartphone,6,12000,72000
2025-03-20,Poniente,Monitor,5,3500,17500
2025-03-20,Poniente,Teclado,9,800,7200
2025-03-20,Poniente,Mouse,5,450,2250
2025-03-20,Poniente,Impresora,10,4200,42000
2025-03-20,Poniente,Disco SSD,8,1500,12000
2025-03-20,Poniente,Audífonos,6,1200,7200
2025-03-20,Poniente,Webcam,6,950,5700
2025-03-20,Poniente,Router,4,900,3600
2025-03-20,Poniente,Smartwatch,5,5000,25000
2025-03-20,Online,Laptop,2,18000,36000
2025-03-20,Online,Tablet,3,7000,21000
2025-03-20,Online,Smartphone,7,12000,84000
2025-03-20,Online,Monitor,4,3500,14000
2025-03-20,Online,Teclado,6,800,4800
2025-03-20,Online,Mouse,4,450,1800
2025-03-20,Online,Impresora,4,4200,16800
2025-03-20,Online,Disco SSD,4,1500,6000
2025-03-20,Online,Audífonos,7,1200,8400
2025-03-20,Online,Webcam,5,950,4750
2025-03-20,Online,Router,5,900,4500
2025-03-20,Online,Smartwatch,7,5000,35000
2025-03-21,Norte,Laptop,2,18000,36000
2025-03-21,Norte,Tablet,6,7000,42000
2025-03-21,Norte,Smartphone,6,12000,72000
2025-03-21,Norte,Monitor,5,3500,17500
2025-03-21,Norte,Teclado,5,800,4000
2025-03-21,Norte,Mouse,4,450,1800
2025-03-21,Norte,Impresora,4,4200,16800
2025-03-21,Norte,Disco SSD,6,1500,9000
2025-03-21,Norte,Audífonos,5,1200,6000
2025-03-21,Norte,Webcam,2,950,1900
2025-03-21,Norte,Router,2,900,1800
2025-03-21,Norte,Smartwatch,3,5000,15000
2025-03-21,Sur,Laptop,4,18000,72000
2025-03-21,Sur,Tablet,5,7000,35000
2025-03-21,Sur,Smartphone,6,12000,72000
2025-03-21,Sur,Monitor,9,3500,31500
2025-03-21,Sur,Teclado,3,800,2400
2025-03-21,Sur,Mouse,5,450,2250
2025-03-21,Sur,Impresora,3,4200,12600
2025-03-21,Sur,Disco SSD,4,1500,6000
2025-03-21,Sur,Audífonos,3,1200,3600
2025-03-21,Sur,Webcam,9,950,8550
2025-03-21,Sur,Router,6,900,5400
2025-03-21,Sur,Smartwatch,1,5000,5000
2025-03-21,Centro,Laptop,5,18000,90000
2025-03-21,Centro,Tablet,6,7000,42000
2025-03-21,Centro,Smartphone,6,12000,72000
2025-03-21,Centro,Monitor,4,3500,14000
2025-03-21,Centro,Teclado,4,800,3200
2025-03-21,Centro,Mouse,3,450,1350
2025-03-21,Centro,Impresora,2,4200,8400
2025-03-21,Centro,Disco SSD,3,1500,4500
2025-03-21,Centro,Audífonos,4,1200,4800
2025-03-21,Centro,Webcam,5,950,4750
2025-03-21,Centro,Router,5,900,4500
2025-03-21,Centro,Smartwatch,2,5000,10000
2025-03-21,Oriente,Laptop,2,18000,36000
2025-03-21,Oriente,Tablet,4,7000,28000
2025-03-21,Oriente,Smartphone,5,12000,60000
2025-03-21,Oriente,Monitor,6,3500,21000
2025-03-21,Oriente,Teclado,6,800,4800
2025-03-21,Oriente,Mouse,6,450,2700
2025-03-21,Oriente,Impresora,4,4200,16800
2025-03-21,Oriente,Disco SSD,9,1500,13500
2025-03-21,Oriente,Audífonos,2,1200,2400
2025-03-21,Oriente,Webcam,5,950,4750
2025-03-21,Oriente,Router,8,900,7200
2025-03-21,Oriente,Smartwatch,6,5000,30000
2025-03-21,Poniente,Laptop,3,18000,54000
2025-03-21,Poniente,Tablet,5,7000,35000
2025-03-21,Poniente,Smartphone,5,12000,60000
2025-03-21,Poniente,Monitor,6,3500,21000
2025-03-21,Poniente,Teclado,9,800,7200
2025-03-21,Poniente,Mouse,8,450,3600
2025-03-21,Poniente,Impresora,1,4200,4200
2025-03-21,Poniente,Disco SSD,7,1500,10500
2025-03-21,Poniente,Audífonos,4,1200,4800
2025-03-21,Poniente,Webcam,3,950,2850
2025-03-21,Poniente,Router,5,900,4500
2025-03-21,Poniente,Smartwatch,5,5000,25000
2025-03-21,Online,Laptop,4,18000,72000
2025-03-21,Online,Tablet,6,7000,42000
2025-03-21,Online,Smartphone,9,12000,108000
2025-03-21,Online,Monitor,8,3500,28000
2025-03-21,Online,Teclado,3,800,2400
2025-03-21,Online,Mouse,3,450,1350
2025-03-21,Online,Impresora,5,4200,21000
2025-03-21,Online,Disco SSD,8,1500,12000
2025-03-21,Online,Audífonos,6,1200,7200
2025-03-21,Online,Webcam,6,950,5700
2025-03-21,Online,Router,7,900,6300
2025-03-21,Online,Smartwatch,4,5000,20000
2025-03-22,Norte,Laptop,7,18000,126000
2025-03-22,Norte,Tablet,10,7000,70000
2025-03-22,Norte,Smartphone,3,12000,36000
2025-03-22,Norte,Monitor,7,3500,24500
2025-03-22,Norte,Teclado,3,800,2400
2025-03-22,Norte,Mouse,5,450,2250
2025-03-22,Norte,Impresora,1,4200,4200
2025-03-22,Norte,Disco SSD,6,1500,9000
2025-03-22,Norte,Audífonos,2,1200,2400
2025-03-22,Norte,Webcam,3,950,2850
2025-03-22,Norte,Router,2,900,1800
2025-03-22,Norte,Smartwatch,5,5000,25000
2025-03-22,Sur,Laptop,3,18000,54000
2025-03-22,Sur,Tablet,5,7000,35000
2025-03-22,Sur,Smartphone,2,12000,24000
2025-03-22,Sur,Monitor,4,3500,14000
2025-03-22,Sur,Teclado,6,800,4800
2025-03-22,Sur,Mouse,6,450,2700
2025-03-22,Sur,Impresora,5,4200,21000
2025-03-22,Sur,Disco SSD,1,1500,1500
2025-03-22,Sur,Audífonos,5,1200,6000
2025-03-22,Sur,Webcam,7,950,6650
2025-03-22,Sur,Router,7,900,6300
2025-03-22,Sur,Smartwatch,4,5000,20000
2025-03-22,Centro,Laptop,2,18000,36000
2025-03-22,Centro,Tablet,4,7000,28000
2025-03-22,Centro,Smartphone,4,12000,48000
2025-03-22,Centro,Monitor,6,3500,21000
2025-03-22,Centro,Teclado,4,800,3200
2025-03-22,Centro,Mouse,3,450,1350
2025-03-22,Centro,Impresora,2,4200,8400
2025-03-22,Centro,Disco SSD,4,1500,6000
2025-03-22,Centro,Audífonos,8,1200,9600
2025-03-22,Centro,Webcam,7,950,6650
2025-03-22,Centro,Router,5,900,4500
2025-03-22,Centro,Smartwatch,10,5000,50000
2025-03-22,Oriente,Laptop,8,18000,144000
2025-03-22,Oriente,Tablet,6,7000,42000
2025-03-22,Oriente,Smartphone,4,12000,48000
2025-03-22,Oriente,Monitor,8,3500,28000
2025-03-22,Oriente,Teclado,2,800,1600
2025-03-22,Oriente,Mouse,6,450,2700
2025-03-22,Oriente,Impresora,2,4200,8400
2025-03-22,Oriente,Disco SSD,10,1500,15000
2025-03-22,Oriente,Audífonos,6,1200,7200
2025-03-22,Oriente,Webcam,9,950,8550
2025-03-22,Oriente,Router,3,900,2700
2025-03-22,Oriente,Smartwatch,8,5000,40000
2025-03-22,Poniente,Laptop,5,18000,90000
2025-03-22,Poniente,Tablet,9,7000,63000
2025-03-22,Poniente,Smartphone,9,12000,108000
2025-03-22,Poniente,Monitor,5,3500,17500
2025-03-22,Poniente,Teclado,5,800,4000
2025-03-22,Poniente,Mouse,4,450,1800
2025-03-22,Poniente,Impresora,15,4200,63000
2025-03-22,Poniente,Disco SSD,5,1500,7500
2025-03-22,Poniente,Audífonos,4,1200,4800
2025-03-22,Poniente,Webcam,5,950,4750
2025-03-22,Poniente,Router,6,900,5400
2025-03-22,Poniente,Smartwatch,6,5000,30000
2025-03-22,Online,Laptop,5,18000,90000
2025-03-22,Online,Tablet,5,7000,35000
2025-03-22,Online,Smartphone,5,12000,60000
2025-03-22,Online,Monitor,6,3500,21000
2025-03-22,Online,Teclado,3,800,2400
2025-03-22,Online,Mouse,6,450,2700
2025-03-22,Online,Impresora,3,4200,12600
2025-03-22,Online,Disco SSD,5,1500,7500
2025-03-22,Online,Audífonos,2,1200,2400
2025-03-22,Online,Webcam,6,950,5700
2025-03-22,Online,Router,7,900,6300
2025-03-22,Online,Smartwatch,3,5000,15000
2025-03-23,Norte,Laptop,4,18000,72000
2025-03-23,Norte,Tablet,7,7000,49000
2025-03-23,Norte,Smartphone,5,12000,60000
2025-03-23,Norte,Monitor,3,3500,10500
2025-03-23,Norte,Teclado,5,800,4000
2025-03-23,Norte,Mouse,5,450,2250
2025-03-23,Norte,Impresora,4,4200,16800
2025-03-23,Norte,Disco SSD,2,1500,3000
2025-03-23,Norte,Audífonos,7,1200,8400
2025-03-23,Norte,Webcam,6,950,5700
2025-03-23,Norte,Router,3,900,2700
2025-03-23,Norte,Smartwatch,1,5000,5000
2025-03-23,Sur,Laptop,4,18000,72000
2025-03-23,Sur,Tablet,8,7000,56000
2025-03-23,Sur,Smartphone,11,12000,132000
2025-03-23,Sur,Monitor,3,3500,10500
2025-03-23,Sur,Teclado,3,800,2400
2025-03-23,Sur,Mouse,7,450,3150
2025-03-23,Sur,Impresora,7,4200,29400
2025-03-23,Sur,Disco SSD,3,1500,4500
2025-03-23,Sur,Audífonos,7,1200,8400
2025-03-23,Sur,Webcam,2,950,1900
2025-03-23,Sur,Router,6,900,5400
2025-03-23,Sur,Smartwatch,6,5000,30000
2025-03-23,Centro,Laptop,11,18000,198000
2025-03-23,Centro,Tablet,2,7000,14000
2025-03-23,Centro,Smartphone,3,12000,36000
2025-03-23,Centro,Monitor,6,3500,21000
2025-03-23,Centro,Teclado,5,800,4000
2025-03-23,Centro,Mouse,2,450,900
2025-03-23,Centro,Impresora,4,4200,16800
2025-03-23,Centro,Disco SSD,5,1500,7500
2025-03-23,Centro,Audífonos,7,1200,8400
2025-03-23,Centro,Webcam,1,950,950
2025-03-23,Centro,Router,3,900,2700
2025-03-23,Centro,Smartwatch,6,5000,30000
2025-03-23,Oriente,Laptop,1,18000,18000
2025-03-23,Oriente,Tablet,4,7000,28000
2025-03-23,Oriente,Smartphone,6,12000,72000
2025-03-23,Oriente,Monitor,7,3500,24500
2025-03-23,Oriente,Teclado,2,800,1600
2025-03-23,Oriente,Mouse,5,450,2250
2025-03-23,Oriente,Impresora,1,4200,4200
2025-03-23,Oriente,Disco SSD,5,1500,7500
2025-03-23,Oriente,Audífonos,5,1200,6000
2025-03-23,Oriente,Webcam,4,950,3800
2025-03-23,Oriente,Router,3,900,2700
2025-03-23,Oriente,Smartwatch,2,5000,10000
2025-03-23,Poniente,Laptop,4,18000,72000
2025-03-23,Poniente,Tablet,3,7000,21000
2025-03-23,Poniente,Smartphone,6,12000,72000
2025-03-23,Poniente,Monitor,6,3500,21000
2025-03-23,Poniente,Teclado,3,800,2400
2025-03-23,Poniente,Mouse,8,450,3600
2025-03-23,Poniente,Impresora,6,4200,25200
2025-03-23,Poniente,Disco SSD,6,1500,9000
2025-03-23,Poniente,Audífonos,6,1200,7200
2025-03-23,Poniente,Webcam,4,950,3800
2025-03-23,Poniente,Router,5,900,4500
2025-03-23,Poniente,Smartwatch,4,5000,20000
2025-03-23,Online,Laptop,9,18000,162000
2025-03-23,Online,Tablet,2,7000,14000
2025-03-23,Online,Smartphone,6,12000,72000
2025-03-23,Online,Monitor,10,3500,35000
2025-03-23,Online,Teclado,6,800,4800
2025-03-23,Online,Mouse,4,450,1800
2025-03-23,Online,Impresora,7,4200,29400
2025-03-23,Online,Disco SSD,5,1500,7500
2025-03-23,Online,Audífonos,5,1200,6000
2025-03-23,Online,Webcam,4,950,3800
2025-03-23,Online,Router,4,900,3600
2025-03-23,Online,Smartwatch,6,5000,30000
2025-03-24,Norte,Laptop,4,18000,72000
2025-03-24,Norte,Tablet,5,7000,35000
2025-03-24,Norte,Smartphone,2,12000,24000
2025-03-24,Norte,Monitor,10,3500,35000
2025-03-24,Norte,Teclado,7,800,5600
2025-03-24,Norte,Mouse,4,450,1800
2025-03-24,Norte,Impresora,3,4200,12600
2025-03-24,Norte,Disco SSD,3,1500,4500
2025-03-24,Norte,Audífonos,7,1200,8400
2025-03-24,Norte,Webcam,6,950,5700
2025-03-24,Norte,Router,3,900,2700
2025-03-24,Norte,Smartwatch,9,5000,45000
2025-03-24,Sur,Laptop,2,18000,36000
2025-03-24,Sur,Tablet,6,7000,42000
2025-03-24,Sur,Smartphone,8,12000,96000
2025-03-24,Sur,Monitor,4,3500,14000
2025-03-24,Sur,Teclado,6,800,4800
2025-03-24,Sur,Mouse,4,450,1800
2025-03-24,Sur,Impresora,4,4200,16800
2025-03-24,Sur,Disco SSD,4,1500,6000
2025-03-24,Sur,Audífonos,1,1200,1200
2025-03-24,Sur,Webcam,3,950,2850
2025-03-24,Sur,Router,2,900,1800
2025-03-24,Sur,Smartwatch,6,5000,30000
2025-03-24,Centro,Laptop,3,18000,54000
2025-03-24,Centro,Tablet,8,7000,56000
2025-03-24,Centro,Smartphone,3,12000,36000
2025-03-24,Centro,Monitor,7,3500,24500
2025-03-24,Centro,Teclado,5,800,4000
2025-03-24,Centro,Mouse,7,450,3150
2025-03-24,Centro,Impresora,4,4200,16800
2025-03-24,Centro,Disco SSD,1,1500,1500
2025-03-24,Centro,Audífonos,7,1200,8400
2025-03-24,Centro,Webcam,6,950,5700
2025-03-24,Centro,Router,5,900,4500
2025-03-24,Centro,Smartwatch,3,5000,15000
2025-03-24,Oriente,Laptop,5,18000,90000
2025-03-24,Oriente,Tablet,4,7000,28000
2025-03-24,Oriente,Smartphone,6,12000,72000
2025-03-24,Oriente,Monitor,4,3500,14000
2025-03-24,Oriente,Teclado,3,800,2400
2025-03-24,Oriente,Mouse,6,450,2700
2025-03-24,Oriente,Impresora,5,4200,21000
2025-03-24,Oriente,Disco SSD,5,1500,7500
2025-03-24,Oriente,Audífonos,8,1200,9600
2025-03-24,Oriente,Webcam,4,950,3800
2025-03-24,Oriente,Router,5,900,4500
2025-03-24,Oriente,Smartwatch,4,5000,20000
2025-03-24,Poniente,Laptop,3,18000,54000
2025-03-24,Poniente,Tablet,4,7000,28000
2025-03-24,Poniente,Smartphone,4,12000,48000
2025-03-24,Poniente,Monitor,4,3500,14000
2025-03-24,Poniente,Teclado,7,800,5600
2025-03-24,Poniente,Mouse,3,450,1350
2025-03-24,Poniente,Impresora,4,4200,16800
2025-03-24,Poniente,Disco SSD,9,1500,13500
2025-03-24,Poniente,Audífonos,4,1200,4800
2025-03-24,Poniente,Webcam,2,950,1900
2025-03-24,Poniente,Router,5,900,4500
2025-03-24,Poniente,Smartwatch,5,5000,25000
2025-03-24,Online,Laptop,3,18000,54000
2025-03-24,Online,Tablet,11,7000,77000
2025-03-24,Online,Smartphone,3,12000,36000
2025-03-24,Online,Monitor,5,3500,17500
2025-03-24,Online,Teclado,7,800,5600
2025-03-24,Online,Mouse,7,450,3150
2025-03-24,Online,Impresora,5,4200,21000
2025-03-24,Online,Disco SSD,5,1500,7500
2025-03-24,Online,Audífonos,5,1200,6000
2025-03-24,Online,Webcam,1,950,950
2025-03-24,Online,Router,2,900,1800
2025-03-24,Online,Smartwatch,7,5000,35000
2025-03-25,Norte,Laptop,3,18000,54000
2025-03-25,Norte,Tablet,2,7000,14000
2025-03-25,Norte,Smartphone,4,12000,48000
2025-03-25,Norte,Monitor,4,3500,14000
2025-03-25,Norte,Teclado,7,800,5600
2025-03-25,Norte,Mouse,5,450,2250
2025-03-25,Norte,Impresora,3,4200,12600
2025-03-25,Norte,Disco SSD,5,1500,7500
2025-03-25,Norte,Audífonos,5,1200,6000
2025-03-25,Norte,Webcam,3,950,2850
2025-03-25,Norte,Router,6,900,5400
2025-03-25,Norte,Smartwatch,3,5000,15000
2025-03-25,Sur,Laptop,5,18000,90000
2025-03-25,Sur,Tablet,11,7000,77000
2025-03-25,Sur,Smartphone,2,12000,24000
2025-03-25,Sur,Monitor,4,3500,14000
2025-03-25,Sur,Teclado,8,800,6400
2025-03-25,Sur,Mouse,7,450,3150
2025-03-25,Sur,Impresora,3,4200,12600
2025-03-25,Sur,Disco SSD,8,1500,12000
2025-03-25,Sur,Audífonos,6,1200,7200
2025-03-25,Sur,Webcam,4,950,3800
2025-03-25,Sur,Router,3,900,2700
2025-03-25,Sur,Smartwatch,9,5000,45000
2025-03-25,Centro,Laptop,7,18000,126000
2025-03-25,Centro,Tablet,4,7000,28000
2025-03-25,Centro,Smartphone,5,12000,60000
2025-03-25,Centro,Monitor,5,3500,17500
2025-03-25,Centro,Teclado,0,800,0
2025-03-25,Centro,Mouse,2,450,900
2025-03-25,Centro,Impresora,5,4200,21000
2025-03-25,Centro,Disco SSD,2,1500,3000
2025-03-25,Centro,Audífonos,7,1200,8400
2025-03-25,Centro,Webcam,5,950,4750
2025-03-25,Centro,Router,7,900,6300
2025-03-25,Centro,Smartwatch,7,5000,35000
2025-03-25,Oriente,Laptop,5,18000,90000
2025-03-25,Oriente,Tablet,5,7000,35000
2025-03-25,Oriente,Smartphone,4,12000,48000
2025-03-25,Oriente,Monitor,5,3500,17500
2025-03-25,Oriente,Teclado,6,800,4800
2025-03-25,Oriente,Mouse,7,450,3150
2025-03-25,Oriente,Impresora,4,4200,16800
2025-03-25,Oriente,Disco SSD,6,1500,9000
2025-03-25,Oriente,Audífonos,13,1200,15600
2025-03-25,Oriente,Webcam,4,950,3800
2025-03-25,Oriente,Router,3,900,2700
2025-03-25,Oriente,Smartwatch,7,5000,35000
2025-03-25,Poniente,Laptop,3,18000,54000
2025-03-25,Poniente,Tablet,6,7000,42000
2025-03-25,Poniente,Smartphone,5,12000,60000
2025-03-25,Poniente,Monitor,7,3500,24500
2025-03-25,Poniente,Teclado,4,800,3200
2025-03-25,Poniente,Mouse,8,450,3600
2025-03-25,Poniente,Impresora,9,4200,37800
2025-03-25,Poniente,Disco SSD,8,1500,12000
2025-03-25,Poniente,Audífonos,6,1200,7200
2025-03-25,Poniente,Webcam,5,950,4750
2025-03-25,Poniente,Router,3,900,2700
2025-03-25,Poniente,Smartwatch,4,5000,20000
2025-03-25,Online,Laptop,4,18000,72000
2025-03-25,Online,Tablet,6,7000,42000
2025-03-25,Online,Smartphone,5,12000,60000
2025-03-25,Online,Monitor,3,3500,10500
2025-03-25,Online,Teclado,6,800,4800
2025-03-25,Online,Mouse,5,450,2250
2025-03-25,Online,Impresora,8,4200,33600
2025-03-25,Online,Disco SSD,3,1500,4500
2025-03-25,Online,Audífonos,5,1200,6000
2025-03-25,Online,Webcam,2,950,1900
2025-03-25,Online,Router,4,900,3600
2025-03-25,Online,Smartwatch,6,5000,30000
2025-03-26,Norte,Laptop,4,18000,72000
2025-03-26,Norte,Tablet,6,7000,42000
2025-03-26,Norte,Smartphone,1,12000,12000
2025-03-26,Norte,Monitor,8,3500,28000
2025-03-26,Norte,Teclado,4,800,3200
2025-03-26,Norte,Mouse,4,450,1800
2025-03-26,Norte,Impresora,7,4200,29400
2025-03-26,Norte,Disco SSD,4,1500,6000
2025-03-26,Norte,Audífonos,4,1200,4800
2025-03-26,Norte,Webcam,5,950,4750
2025-03-26,Norte,Router,4,900,3600
2025-03-26,Norte,Smartwatch,6,5000,30000
2025-03-26,Sur,Laptop,6,18000,108000
2025-03-26,Sur,Tablet,5,7000,35000
2025-03-26,Sur,Smartphone,2,12000,24000
2025-03-26,Sur,Monitor,6,3500,21000
2025-03-26,Sur,Teclado,6,800,4800
2025-03-26,Sur,Mouse,5,450,2250
2025-03-26,Sur,Impresora,2,4200,8400
2025-03-26,Sur,Disco SSD,5,1500,7500
2025-03-26,Sur,Audífonos,8,1200,9600
2025-03-26,Sur,Webcam,5,950,4750
2025-03-26,Sur,Router,4,900,3600
2025-03-26,Sur,Smartwatch,6,5000,30000
2025-03-26,Centro,Laptop,5,18000,90000
2025-03-26,Centro,Tablet,4,7000,28000
2025-03-26,Centro,Smartphone,4,12000,48000
2025-03-26,Centro,Monitor,5,3500,17500
2025-03-26,Centro,Teclado,4,800,3200
2025-03-26,Centro,Mouse,2,450,900
2025-03-26,Centro,Impresora,4,4200,16800
2025-03-26,Centro,Disco SSD,5,1500,7500
2025-03-26,Centro,Audífonos,3,1200,3600
2025-03-26,Centro,Webcam,1,950,950
2025-03-26,Centro,Router,7,900,6300
2025-03-26,Centro,Smartwatch,5,5000,25000
2025-03-26,Oriente,Laptop,4,18000,72000
2025-03-26,Oriente,Tablet,2,7000,14000
2025-03-26,Oriente,Smartphone,8,12000,96000
2025-03-26,Oriente,Monitor,5,3500,17500
2025-03-26,Oriente,Teclado,5,800,4000
2025-03-26,Oriente,Mouse,5,450,2250
2025-03-26,Oriente,Impresora,7,4200,29400
2025-03-26,Oriente,Disco SSD,5,1500,7500
2025-03-26,Oriente,Audífonos,3,1200,3600
2025-03-26,Oriente,Webcam,8,950,7600
2025-03-26,Oriente,Router,5,900,4500
2025-03-26,Oriente,Smartwatch,4,5000,20000
2025-03-26,Poniente,Laptop,11,18000,198000
2025-03-26,Poniente,Tablet,2,7000,14000
2025-03-26,Poniente,Smartphone,2,12000,24000
2025-03-26,Poniente,Monitor,7,3500,24500
2025-03-26,Poniente,Teclado,2,800,1600
2025-03-26,Poniente,Mouse,5,450,2250
2025-03-26,Poniente,Impresora,4,4200,16800
2025-03-26,Poniente,Disco SSD,4,1500,6000
2025-03-26,Poniente,Audífonos,5,1200,6000
2025-03-26,Poniente,Webcam,4,950,3800
2025-03-26,Poniente,Router,5,900,4500
2025-03-26,Poniente,Smartwatch,2,5000,10000
2025-03-26,Online,Laptop,3,18000,54000
2025-03-26,Online,Tablet,4,7000,28000
2025-03-26,Online,Smartphone,3,12000,36000
2025-03-26,Online,Monitor,5,3500,17500
2025-03-26,Online,Teclado,7,800,5600
2025-03-26,Online,Mouse,3,450,1350
2025-03-26,Online,Impresora,7,4200,29400
2025-03-26,Online,Disco SSD,5,1500,7500
2025-03-26,Online,Audífonos,3,1200,3600
2025-03-26,Online,Webcam,5,950,4750
2025-03-26,Online,Router,4,900,3600
2025-03-26,Online,Smartwatch,3,5000,15000
2025-03-27,Norte,Laptop,4,18000,72000
2025-03-27,Norte,Tablet,3,7000,21000
2025-03-27,Norte,Smartphone,8,12000,96000
2025-03-27,Norte,Monitor,4,3500,14000
2025-03-27,Norte,Teclado,2,800,1600
2025-03-27,Norte,Mouse,4,450,1800
2025-03-27,Norte,Impresora,6,4200,25200
2025-03-27,Norte,Disco SSD,1,1500,1500
2025-03-27,Norte,Audífonos,5,1200,6000
2025-03-27,Norte,Webcam,7,950,6650
2025-03-27,Norte,Router,3,900,2700
2025-03-27,Norte,Smartwatch,2,5000,10000
2025-03-27,Sur,Laptop,5,18000,90000
2025-03-27,Sur,Tablet,5,7000,35000
2025-03-27,Sur,Smartphone,9,12000,108000
2025-03-27,Sur,Monitor,2,3500,7000
2025-03-27,Sur,Teclado,6,800,4800
2025-03-27,Sur,Mouse,5,450,2250
2025-03-27,Sur,Impresora,3,4200,12600
2025-03-27,Sur,Disco SSD,4,1500,6000
2025-03-27,Sur,Audífonos,5,1200,6000
2025-03-27,Sur,Webcam,5,950,4750
2025-03-27,Sur,Router,7,900,6300
2025-03-27,Sur,Smartwatch,2,5000,10000
2025-03-27,Centro,Laptop,6,18000,108000
2025-03-27,Centro,Tablet,7,7000,49000
2025-03-27,Centro,Smartphone,8,12000,96000
2025-03-27,Centro,Monitor,2,3500,7000
2025-03-27,Centro,Teclado,9,800,7200
2025-03-27,Centro,Mouse,1,450,450
2025-03-27,Centro,Impresora,9,4200,37800
2025-03-27,Centro,Disco SSD,3,1500,4500
2025-03-27,Centro,Audífonos,3,1200,3600
2025-03-27,Centro,Webcam,5,950,4750
2025-03-27,Centro,Router,6,900,5400
2025-03-27,Centro,Smartwatch,8,5000,40000
2025-03-27,Oriente,Laptop,6,18000,108000
2025-03-27,Oriente,Tablet,5,7000,35000
2025-03-27,Oriente,Smartphone,6,12000,72000
2025-03-27,Oriente,Monitor,4,3500,14000
2025-03-27,Oriente,Teclado,3,800,2400
2025-03-27,Oriente,Mouse,5,450,2250
2025-03-27,Oriente,Impresora,6,4200,25200
2025-03-27,Oriente,Disco SSD,6,1500,9000
2025-03-27,Oriente,Audífonos,7,1200,8400
2025-03-27,Oriente,Webcam,4,950,3800
2025-03-27,Oriente,Router,5,900,4500
2025-03-27,Oriente,Smartwatch,8,5000,40000
2025-03-27,Poniente,Laptop,2,18000,36000
2025-03-27,Poniente,Tablet,10,7000,70000
2025-03-27,Poniente,Smartphone,6,12000,72000
2025-03-27,Poniente,Monitor,5,3500,17500
2025-03-27,Poniente,Teclado,5,800,4000
2025-03-27,Poniente,Mouse,5,450,2250
2025-03-27,Poniente,Impresora,1,4200,4200
2025-03-27,Poniente,Disco SSD,3,1500,4500
2025-03-27,Poniente,Audífonos,8,1200,9600
2025-03-27,Poniente,Webcam,3,950,2850
2025-03-27,Poniente,Router,5,900,4500
2025-03-27,Poniente,Smartwatch,4,5000,20000
2025-03-27,Online,Laptop,2,18000,36000
2025-03-27,Online,Tablet,10,7000,70000
2025-03-27,Online,Smartphone,3,12000,36000
2025-03-27,Online,Monitor,7,3500,24500
2025-03-27,Online,Teclado,10,800,8000
2025-03-27,Online,Mouse,3,450,1350
2025-03-27,Online,Impresora,2,4200,8400
2025-03-27,Online,Disco SSD,3,1500,4500
2025-03-27,Online,Audífonos,5,1200,6000
2025-03-27,Online,Webcam,9,950,8550
2025-03-27,Online,Router,3,900,2700
2025-03-27,Online,Smartwatch,5,5000,25000
2025-03-28,Norte,Laptop,4,18000,72000
2025-03-28,Norte,Tablet,5,7000,35000
2025-03-28,Norte,Smartphone,7,12000,84000
2025-03-28,Norte,Monitor,7,3500,24500
2025-03-28,Norte,Teclado,4,800,3200
2025-03-28,Norte,Mouse,8,450,3600
2025-03-28,Norte,Impresora,7,4200,29400
2025-03-28,Norte,Disco SSD,6,1500,9000
2025-03-28,Norte,Audífonos,9,1200,10800
2025-03-28,Norte,Webcam,7,950,6650
2025-03-28,Norte,Router,3,900,2700
2025-03-28,Norte,Smartwatch,2,5000,10000
2025-03-28,Sur,Laptop,5,18000,90000
2025-03-28,Sur,Tablet,11,7000,77000
2025-03-28,Sur,Smartphone,1,12000,12000
2025-03-28,Sur,Monitor,5,3500,17500
2025-03-28,Sur,Teclado,7,800,5600
2025-03-28,Sur,Mouse,8,450,3600
2025-03-28,Sur,Impresora,3,4200,12600
2025-03-28,Sur,Disco SSD,9,1500,13500
2025-03-28,Sur,Audífonos,7,1200,8400
2025-03-28,Sur,Webcam,3,950,2850
2025-03-28,Sur,Router,10,900,9000
2025-03-28,Sur,Smartwatch,6,5000,30000
2025-03-28,Centro,Laptop,4,18000,72000
2025-03-28,Centro,Tablet,1,7000,7000
2025-03-28,Centro,Smartphone,8,12000,96000
2025-03-28,Centro,Monitor,5,3500,17500
2025-03-28,Centro,Teclado,7,800,5600
2025-03-28,Centro,Mouse,3,450,1350
2025-03-28,Centro,Impresora,5,4200,21000
2025-03-28,Centro,Disco SSD,3,1500,4500
2025-03-28,Centro,Audífonos,5,1200,6000
2025-03-28,Centro,Webcam,6,950,5700
2025-03-28,Centro,Router,8,900,7200
2025-03-28,Centro,Smartwatch,3,5000,15000
2025-03-28,Oriente,Laptop,4,18000,72000
2025-03-28,Oriente,Tablet,6,7000,42000
2025-03-28,Oriente,Smartphone,4,12000,48000
2025-03-28,Oriente,Monitor,5,3500,17500
2025-03-28,Oriente,Teclado,11,800,8800
2025-03-28,Oriente,Mouse,2,450,900
2025-03-28,Oriente,Impresora,11,4200,46200
2025-03-28,Oriente,Disco SSD,7,1500,10500
2025-03-28,Oriente,Audífonos,7,1200,8400
2025-03-28,Oriente,Webcam,6,950,5700
2025-03-28,Oriente,Router,5,900,4500
2025-03-28,Oriente,Smartwatch,5,5000,25000
2025-03-28,Poniente,Laptop,4,18000,72000
2025-03-28,Poniente,Tablet,5,7000,35000
2025-03-28,Poniente,Smartphone,3,12000,36000
2025-03-28,Poniente,Monitor,3,3500,10500
2025-03-28,Poniente,Teclado,4,800,3200
2025-03-28,Poniente,Mouse,5,450,2250
2025-03-28,Poniente,Impresora,3,4200,12600
2025-03-28,Poniente,Disco SSD,7,1500,10500
2025-03-28,Poniente,Audífonos,3,1200,3600
2025-03-28,Poniente,Webcam,8,950,7600
2025-03-28,Poniente,Router,8,900,7200
2025-03-28,Poniente,Smartwatch,6,5000,30000
2025-03-28,Online,Laptop,7,18000,126000
2025-03-28,Online,Tablet,7,7000,49000
2025-03-28,Online,Smartphone,6,12000,72000
2025-03-28,Online,Monitor,5,3500,17500
2025-03-28,Online,Teclado,8,800,6400
2025-03-28,Online,Mouse,4,450,1800
2025-03-28,Online,Impresora,5,4200,21000
2025-03-28,Online,Disco SSD,4,1500,6000
2025-03-28,Online,Audífonos,6,1200,7200
2025-03-28,Online,Webcam,4,950,3800
2025-03-28,Online,Router,1,900,900
2025-03-28,Online,Smartwatch,6,5000,30000
2025-03-29,Norte,Laptop,7,18000,126000
2025-03-29,Norte,Tablet,7,7000,49000
2025-03-29,Norte,Smartphone,8,12000,96000
2025-03-29,Norte,Monitor,6,3500,21000
2025-03-29,Norte,Teclado,8,800,6400
2025-03-29,Norte,Mouse,10,450,4500
2025-03-29,Norte,Impresora,1,4200,4200
2025-03-29,Norte,Disco SSD,4,1500,6000
2025-03-29,Norte,Audífonos,5,1200,6000
2025-03-29,Norte,Webcam,6,950,5700
2025-03-29,Norte,Router,5,900,4500
2025-03-29,Norte,Smartwatch,8,5000,40000
2025-03-29,Sur,Laptop,4,18000,72000
2025-03-29,Sur,Tablet,3,7000,21000
2025-03-29,Sur,Smartphone,4,12000,48000
2025-03-29,Sur,Monitor,6,3500,21000
2025-03-29,Sur,Teclado,2,800,1600
2025-03-29,Sur,Mouse,5,450,2250
2025-03-29,Sur,Impresora,6,4200,25200
2025-03-29,Sur,Disco SSD,2,1500,3000
2025-03-29,Sur,Audífonos,9,1200,10800
2025-03-29,Sur,Webcam,3,950,2850
2025-03-29,Sur,Router,4,900,3600
2025-03-29,Sur,Smartwatch,7,5000,35000
2025-03-29,Centro,Laptop,3,18000,54000
2025-03-29,Centro,Tablet,2,7000,14000
2025-03-29,Centro,Smartphone,4,12000,48000
2025-03-29,Centro,Monitor,3,3500,10500
2025-03-29,Centro,Teclado,4,800,3200
2025-03-29,Centro,Mouse,5,450,2250
2025-03-29,Centro,Impresora,4,4200,16800
2025-03-29,Centro,Disco SSD,7,1500,10500
2025-03-29,Centro,Audífonos,6,1200,7200
2025-03-29,Centro,Webcam,3,950,2850
2025-03-29,Centro,Router,10,900,9000
2025-03-29,Centro,Smartwatch,2,5000,10000
2025-03-29,Oriente,Laptop,5,18000,90000
2025-03-29,Oriente,Tablet,2,7000,14000
2025-03-29,Oriente,Smartphone,3,12000,36000
2025-03-29,Oriente,Monitor,3,3500,10500
2025-03-29,Oriente,Teclado,3,800,2400
2025-03-29,Oriente,Mouse,5,450,2250
2025-03-29,Oriente,Impresora,4,4200,16800
2025-03-29,Oriente,Disco SSD,4,1500,6000
2025-03-29,Oriente,Audífonos,3,1200,3600
2025-03-29,Oriente,Webcam,3,950,2850
2025-03-29,Oriente,Router,3,900,2700
2025-03-29,Oriente,Smartwatch,9,5000,45000
2025-03-29,Poniente,Laptop,2,18000,36000
2025-03-29,Poniente,Tablet,5,7000,35000
2025-03-29,Poniente,Smartphone,4,12000,48000
2025-03-29,Poniente,Monitor,2,3500,7000
2025-03-29,Poniente,Teclado,2,800,1600
2025-03-29,Poniente,Mouse,7,450,3150
2025-03-29,Poniente,Impresora,9,4200,37800
2025-03-29,Poniente,Disco SSD,7,1500,10500
2025-03-29,Poniente,Audífonos,2,1200,2400
2025-03-29,Poniente,Webcam,3,950,2850
2025-03-29,Poniente,Router,4,900,3600
2025-03-29,Poniente,Smartwatch,7,5000,35000
2025-03-29,Online,Laptop,7,18000,126000
2025-03-29,Online,Tablet,5,7000,35000
2025-03-29,Online,Smartphone,2,12000,24000
2025-03-29,Online,Monitor,5,3500,17500
2025-03-29,Online,Teclado,5,800,4000
2025-03-29,Online,Mouse,5,450,2250
2025-03-29,Online,Impresora,5,4200,21000
2025-03-29,Online,Disco SSD,8,1500,12000
2025-03-29,Online,Audífonos,3,1200,3600
2025-03-29,Online,Webcam,5,950,4750
2025-03-29,Online,Router,2,900,1800
2025-03-29,Online,Smartwatch,6,5000,30000
2025-03-30,Norte,Laptop,4,18000,72000
2025-03-30,Norte,Tablet,11,7000,77000
2025-03-30,Norte,Smartphone,8,12000,96000
2025-03-30,Norte,Monitor,4,3500,14000
2025-03-30,Norte,Teclado,4,800,3200
2025-03-30,Norte,Mouse,5,450,2250
2025-03-30,Norte,Impresora,5,4200,21000
2025-03-30,Norte,Disco SSD,4,1500,6000
2025-03-30,Norte,Audífonos,8,1200,9600
2025-03-30,Norte,Webcam,7,950,6650
2025-03-30,Norte,Router,7,900,6300
2025-03-30,Norte,Smartwatch,2,5000,10000
2025-03-30,Sur,Laptop,6,18000,108000
2025-03-30,Sur,Tablet,7,7000,49000
2025-03-30,Sur,Smartphone,3,12000,36000
2025-03-30,Sur,Monitor,5,3500,17500
2025-03-30,Sur,Teclado,3,800,2400
2025-03-30,Sur,Mouse,5,450,2250
2025-03-30,Sur,Impresora,5,4200,21000
2025-03-30,Sur,Disco SSD,6,1500,9000
2025-03-30,Sur,Audífonos,2,1200,2400
2025-03-30,Sur,Webcam,9,950,8550
2025-03-30,Sur,Router,9,900,8100
2025-03-30,Sur,Smartwatch,4,5000,20000
2025-03-30,Centro,Laptop,4,18000,72000
2025-03-30,Centro,Tablet,2,7000,14000
2025-03-30,Centro,Smartphone,3,12000,36000
2025-03-30,Centro,Monitor,10,3500,35000
2025-03-30,Centro,Teclado,9,800,7200
2025-03-30,Centro,Mouse,8,450,3600
2025-03-30,Centro,Impresora,6,4200,25200
2025-03-30,Centro,Disco SSD,3,1500,4500
2025-03-30,Centro,Audífonos,6,1200,7200
2025-03-30,Centro,Webcam,8,950,7600
2025-03-30,Centro,Router,5,900,4500
2025-03-30,Centro,Smartwatch,5,5000,25000
2025-03-30,Oriente,Laptop,2,18000,36000
2025-03-30,Oriente,Tablet,3,7000,21000
2025-03-30,Oriente,Smartphone,8,12000,96000
2025-03-30,Oriente,Monitor,11,3500,38500
2025-03-30,Oriente,Teclado,4,800,3200
2025-03-30,Oriente,Mouse,5,450,2250
2025-03-30,Oriente,Impresora,4,4200,16800
2025-03-30,Oriente,Disco SSD,3,1500,4500
2025-03-30,Oriente,Audífonos,3,1200,3600
2025-03-30,Oriente,Webcam,5,950,4750
2025-03-30,Oriente,Router,4,900,3600
2025-03-30,Oriente,Smartwatch,5,5000,25000
2025-03-30,Poniente,Laptop,5,18000,90000
2025-03-30,Poniente,Tablet,2,7000,14000
2025-03-30,Poniente,Smartphone,1,12000,12000
2025-03-30,Poniente,Monitor,1,3500,3500
2025-03-30,Poniente,Teclado,1,800,800
2025-03-30,Poniente,Mouse,4,450,1800
2025-03-30,Poniente,Impresora,7,4200,29400
2025-03-30,Poniente,Disco SSD,2,1500,3000
2025-03-30,Poniente,Audífonos,2,1200,2400
2025-03-30,Poniente,Webcam,7,950,6650
2025-03-30,Poniente,Router,1,900,900
2025-03-30,Poniente,Smartwatch,6,5000,30000
2025-03-30,Online,Laptop,7,18000,126000
2025-03-30,Online,Tablet,3,7000,21000
2025-03-30,Online,Smartphone,5,12000,60000
2025-03-30,Online,Monitor,7,3500,24500
2025-03-30,Online,Teclado,6,800,4800
2025-03-30,Online,Mouse,11,450,4950
2025-03-30,Online,Impresora,4,4200,16800
2025-03-30,Online,Disco SSD,9,1500,13500
2025-03-30,Online,Audífonos,9,1200,10800
2025-03-30,Online,Webcam,7,950,6650
2025-03-30,Online,Router,5,900,4500
2025-03-30,Online,Smartwatch,3,5000,15000
2025-03-31,Norte,Laptop,4,18000,72000
2025-03-31,Norte,Tablet,6,7000,42000
2025-03-31,Norte,Smartphone,4,12000,48000
2025-03-31,Norte,Monitor,4,3500,14000
2025-03-31,Norte,Teclado,7,800,5600
2025-03-31,Norte,Mouse,2,450,900
2025-03-31,Norte,Impresora,2,4200,8400
2025-03-31,Norte,Disco SSD,5,1500,7500
2025-03-31,Norte,Audífonos,5,1200,6000
2025-03-31,Norte,Webcam,3,950,2850
2025-03-31,Norte,Router,4,900,3600
2025-03-31,Norte,Smartwatch,6,5000,30000
2025-03-31,Sur,Laptop,4,18000,72000
2025-03-31,Sur,Tablet,1,7000,7000
2025-03-31,Sur,Smartphone,2,12000,24000
2025-03-31,Sur,Monitor,3,3500,10500
2025-03-31,Sur,Teclado,9,800,7200
2025-03-31,Sur,Mouse,3,450,1350
2025-03-31,Sur,Impresora,5,4200,21000
2025-03-31,Sur,Disco SSD,3,1500,4500
2025-03-31,Sur,Audífonos,2,1200,2400
2025-03-31,Sur,Webcam,5,950,4750
2025-03-31,Sur,Router,6,900,5400
2025-03-31,Sur,Smartwatch,4,5000,20000
2025-03-31,Centro,Laptop,9,18000,162000
2025-03-31,Centro,Tablet,10,7000,70000
2025-03-31,Centro,Smartphone,5,12000,60000
2025-03-31,Centro,Monitor,5,3500,17500
2025-03-31,Centro,Teclado,3,800,2400
2025-03-31,Centro,Mouse,6,450,2700
2025-03-31,Centro,Impresora,6,4200,25200
2025-03-31,Centro,Disco SSD,3,1500,4500
2025-03-31,Centro,Audífonos,5,1200,6000
2025-03-31,Centro,Webcam,7,950,6650
2025-03-31,Centro,Router,6,900,5400
2025-03-31,Centro,Smartwatch,7,5000,35000
2025-03-31,Oriente,Laptop,3,18000,54000
2025-03-31,Oriente,Tablet,7,7000,49000
2025-03-31,Oriente,Smartphone,5,12000,60000
2025-03-31,Oriente,Monitor,8,3500,28000
2025-03-31,Oriente,Teclado,8,800,6400
2025-03-31,Oriente,Mouse,7,450,3150
2025-03-31,Oriente,Impresora,6,4200,25200
2025-03-31,Oriente,Disco SSD,6,1500,9000
2025-03-31,Oriente,Audífonos,6,1200,7200
2025-03-31,Oriente,Webcam,12,950,11400
2025-03-31,Oriente,Router,5,900,4500
2025-03-31,Oriente,Smartwatch,7,5000,35000
2025-03-31,Poniente,Laptop,4,18000,72000
2025-03-31,Poniente,Tablet,6,7000,42000
2025-03-31,Poniente,Smartphone,6,12000,72000
2025-03-31,Poniente,Monitor,6,3500,21000
2025-03-31,Poniente,Teclado,2,800,1600
2025-03-31,Poniente,Mouse,4,450,1800
2025-03-31,Poniente,Impresora,4,4200,16800
2025-03-31,Poniente,Disco SSD,2,1500,3000
2025-03-31,Poniente,Audífonos,6,1200,7200
2025-03-31,Poniente,Webcam,6,950,5700
2025-03-31,Poniente,Router,2,900,1800
2025-03-31,Poniente,Smartwatch,5,5000,25000
2025-03-31,Online,Laptop,4,18000,72000
2025-03-31,Online,Tablet,4,7000,28000
2025-03-31,Online,Smartphone,5,12000,60000
2025-03-31,Online,Monitor,8,3500,28000
2025-03-31,Online,Teclado,5,800,4000
2025-03-31,Online,Mouse,5,450,2250
2025-03-31,Online,Impresora,6,4200,25200
2025-03-31,Online,Disco SSD,4,1500,6000
2025-03-31,Online,Audífonos,8,1200,9600
2025-03-31,Online,Webcam,4,950,3800
2025-03-31,Online,Router,3,900,2700
2025-03-31,Online,Smartwatch,9,5000,45000
